代码,名称,信号日期,距今,初始价,当前价,累计涨跌%,最大回撤%,量能状态,涨跌原因分析
603680,今创集团,2025-11-28,25天,10.58,13.9,31.38,-2.17,放量,强力拉升 | 冲高回落 | 资金流入
600498,烽火通信,2025-12-03,20天,22.72,28.55,25.66,-2.29,放量,强力拉升 | 资金流入
600498,烽火通信,2025-11-28,25天,22.86,28.55,24.89,-2.89,放量,强力拉升 | 资金流入
603701,德宏股份,2025-11-28,25天,17.55,20.28,15.56,-1.42,持平,强力拉升
603701,德宏股份,2025-11-28,25天,17.55,20.28,15.56,-1.42,持平,强力拉升
002951,金时科技,2025-12-16,7天,13.0,14.67,12.85,-2.62,放量,强力拉升 | 资金流入
002951,金时科技,2025-12-17,6天,13.0,14.67,12.85,-2.31,放量,强力拉升 | 资金流入
002951,金时科技,2025-12-17,6天,13.0,14.67,12.85,-2.31,放量,强力拉升 | 资金流入
600650,锦江在线,2025-12-03,20天,14.25,16.08,12.84,-0.91,放量,强力拉升 | 冲高回落 | 资金流入
605377,华旺科技,2025-12-12,11天,7.76,8.72,12.37,-1.8,放量,强力拉升 | 资金流入
605377,华旺科技,2025-12-12,11天,7.76,8.72,12.37,-1.8,放量,强力拉升 | 资金流入
002025,航天电器,2025-12-03,20天,41.82,46.77,11.84,-1.41,放量,强力拉升 | 资金流入
605377,华旺科技,2025-12-16,7天,7.83,8.72,11.37,-1.92,缩量,强力拉升 | 成交乏力
603266,天龙股份,2025-12-04,19天,20.07,22.31,11.16,-1.35,持平,强力拉升
605377,华旺科技,2025-12-15,8天,7.92,8.72,10.1,-3.03,持平,强力拉升
002674,兴业科技,2025-12-16,7天,12.92,14.19,9.83,-2.86,持平,强力拉升
002674,兴业科技,2025-12-17,6天,12.92,14.19,9.83,-1.7,持平,强力拉升
002674,兴业科技,2025-12-17,6天,12.92,14.19,9.83,-1.7,持平,强力拉升
002025,航天电器,2025-12-02,21天,42.6,46.77,9.79,-3.97,放量,强力拉升 | 资金流入
002674,兴业科技,2025-12-02,21天,12.96,14.19,9.49,-8.64,持平,强力拉升
600079,人福医药,2025-12-11,12天,17.73,19.35,9.14,-5.64,放量,强力拉升 | 资金流入
603266,天龙股份,2025-12-03,20天,20.45,22.31,9.1,-3.18,持平,强力拉升
000819,岳阳兴长,2025-12-17,6天,15.66,16.95,8.24,-2.94,放量,强力拉升 | 资金流入
600192,长城电工,2025-12-11,12天,8.89,9.62,8.21,-0.22,放量,强力拉升 | 冲高回落 | 资金流入
002869,金溢科技,2025-12-17,6天,22.87,24.65,7.78,-2.58,放量,强力拉升 | 资金流入
002869,金溢科技,2025-12-17,6天,22.87,24.65,7.78,-2.58,放量,强力拉升 | 资金流入
000819,岳阳兴长,2025-12-18,5天,15.75,16.95,7.62,-0.95,持平,强力拉升
001212,中旗新材,2025-12-04,19天,43.72,47.02,7.55,-3.34,缩量,强力拉升 | 成交乏力
002177,御银股份,2025-12-11,12天,6.53,7.01,7.35,-0.77,放量,强力拉升 | 资金流入
000524,岭南控股,2025-12-12,11天,12.02,12.9,7.32,-3.08,放量,强力拉升 | 资金流入
000524,岭南控股,2025-12-12,11天,12.02,12.9,7.32,-3.08,放量,强力拉升 | 资金流入
601069,西部黄金,2025-12-16,7天,26.1,28.0,7.28,-0.77,持平,强力拉升
002674,兴业科技,2025-12-10,13天,13.23,14.19,7.26,-10.51,放量,强力拉升 | 资金流入
000524,岭南控股,2025-12-15,8天,12.04,12.9,7.14,-1.58,放量,强力拉升 | 资金流入
600079,人福医药,2025-12-17,6天,18.1,19.35,6.91,-7.57,放量,强力拉升 | 资金流入
600079,人福医药,2025-12-17,6天,18.1,19.35,6.91,-7.57,放量,强力拉升 | 资金流入
003040,楚天龙,2025-12-17,6天,18.34,19.59,6.82,-3.71,放量,强力拉升 | 资金流入
003040,楚天龙,2025-12-17,6天,18.34,19.59,6.82,-3.71,放量,强力拉升 | 资金流入
600079,人福医药,2025-12-12,11天,18.15,19.35,6.61,-7.82,放量,强力拉升 | 资金流入
600079,人福医药,2025-12-12,11天,18.15,19.35,6.61,-7.82,放量,强力拉升 | 资金流入
600079,人福医药,2025-12-12,11天,18.15,19.35,6.61,-7.82,放量,强力拉升 | 资金流入
000677,恒天海龙,2025-12-17,6天,4.05,4.31,6.42,-1.98,放量,强力拉升 | 资金流入
000995,皇台酒业,2025-12-12,11天,12.27,13.05,6.36,-1.06,放量,强力拉升 | 冲高回落 | 资金流入
000995,皇台酒业,2025-12-12,11天,12.27,13.05,6.36,-1.06,放量,强力拉升 | 冲高回落 | 资金流入
601615,明阳智能,2025-12-04,19天,13.19,13.97,5.91,-0.83,放量,强力拉升 | 资金流入
002869,金溢科技,2025-12-16,7天,23.29,24.65,5.84,-4.77,放量,强力拉升 | 资金流入
000524,岭南控股,2025-12-10,13天,12.2,12.9,5.74,-4.51,放量,强力拉升 | 资金流入
603501,豪威集团,2025-11-28,25天,119.0,125.7,5.63,-1.18,持平,强力拉升
003006,百亚股份,2025-12-15,8天,20.36,21.5,5.6,-2.5,放量,强力拉升 | 资金流入
603256,宏和科技,2025-11-28,25天,32.13,33.88,5.45,-2.58,持平,强力拉升 | 冲高回落
002037,保利联合,2025-12-17,6天,9.39,9.9,5.43,-1.49,放量,强力拉升 | 资金流入
002037,保利联合,2025-12-15,8天,9.4,9.9,5.32,-1.7,放量,强力拉升 | 资金流入
002177,御银股份,2025-12-15,8天,6.66,7.01,5.26,-2.1,放量,强力拉升 | 资金流入
000010,美丽生态,2025-12-18,5天,3.46,3.63,4.91,-2.6,放量,资金流入
000677,恒天海龙,2025-12-18,5天,4.11,4.31,4.87,-1.7,放量,资金流入
002037,保利联合,2025-12-18,5天,9.45,9.9,4.76,-1.48,放量,资金流入
600094,大名城,2025-12-17,6天,4.06,4.25,4.68,-1.97,放量,资金流入
600094,大名城,2025-12-17,6天,4.06,4.25,4.68,-1.97,放量,资金流入
000995,皇台酒业,2025-12-11,12天,12.47,13.05,4.65,-2.81,放量,冲高回落 | 资金流入
001395,亚联机械,2025-12-04,19天,43.87,45.9,4.63,-2.78,放量,资金流入
603867,新化股份,2025-12-17,6天,24.14,25.24,4.56,-3.07,放量,资金流入
603867,新化股份,2025-12-17,6天,24.14,25.24,4.56,-3.07,放量,资金流入
603818,曲美家居,2025-12-17,6天,3.55,3.71,4.51,-1.41,持平,平稳波动
603818,曲美家居,2025-12-17,6天,3.55,3.71,4.51,-1.41,持平,平稳波动
002826,易明医药,2025-12-16,7天,17.65,18.43,4.42,-1.3,持平,平稳波动
002177,御银股份,2025-12-10,13天,6.72,7.01,4.32,-3.57,放量,资金流入
000526,学大教育,2025-12-09,14天,37.89,39.45,4.12,-3.01,放量,冲高回落 | 资金流入
000702,正虹科技,2025-12-17,6天,6.56,6.83,4.12,-1.83,放量,资金流入
002180,纳思达,2025-12-15,8天,18.5,19.25,4.05,-2.7,持平,平稳波动
002179,中航光电,2025-12-17,6天,32.88,34.18,3.95,-1.89,持平,平稳波动
603713,密尔克卫,2025-12-10,13天,53.78,55.9,3.94,-3.18,持平,平稳波动
002179,中航光电,2025-12-16,7天,32.89,34.18,3.92,-1.92,持平,平稳波动
603093,南华期货,2025-12-03,20天,18.88,19.61,3.87,-0.95,放量,资金流入
603713,密尔克卫,2025-12-15,8天,53.85,55.9,3.81,-2.28,缩量,成交乏力
000526,学大教育,2025-12-11,12天,38.01,39.45,3.79,-3.31,持平,平稳波动
603341,龙旗科技,2025-11-28,25天,40.29,41.77,3.67,-0.4,放量,冲高回落 | 资金流入
600094,大名城,2025-12-16,7天,4.1,4.25,3.66,-2.93,放量,资金流入
600178,东安动力,2025-12-17,6天,11.6,12.02,3.62,-1.12,放量,资金流入
600178,东安动力,2025-12-17,6天,11.6,12.02,3.62,-1.12,放量,资金流入
002537,海联金汇,2025-12-09,14天,8.04,8.33,3.61,-1.62,放量,资金流入
600655,豫园股份,2025-12-16,7天,5.14,5.32,3.5,-1.75,持平,平稳波动
603009,北特科技,2025-12-02,21天,40.36,41.76,3.47,-1.14,持平,冲高回落
002180,纳思达,2025-12-12,11天,18.62,19.25,3.38,-3.81,放量,资金流入
002180,纳思达,2025-12-12,11天,18.62,19.25,3.38,-3.81,放量,资金流入
000677,恒天海龙,2025-12-15,8天,4.17,4.31,3.36,-4.8,放量,资金流入
002541,鸿路钢构,2025-12-16,7天,16.18,16.72,3.34,-1.85,持平,平稳波动
600316,洪都航空,2025-12-16,7天,30.2,31.2,3.31,-2.32,放量,资金流入
002427,尤夫股份,2025-12-16,7天,6.1,6.3,3.28,-1.64,持平,平稳波动
600079,人福医药,2025-12-04,19天,18.74,19.35,3.26,-10.73,放量,资金流入
002918,蒙娜丽莎,2025-12-11,12天,13.86,14.3,3.17,-1.73,缩量,成交乏力
000932,华菱钢铁,2025-12-12,11天,5.37,5.54,3.17,-2.42,持平,平稳波动
000932,华菱钢铁,2025-12-12,11天,5.37,5.54,3.17,-2.42,持平,平稳波动
603062,麦加芯彩,2025-12-09,14天,45.26,46.68,3.14,-2.96,放量,资金流入
002180,纳思达,2025-12-02,21天,18.67,19.25,3.11,-4.07,放量,资金流入
600967,内蒙一机,2025-12-16,7天,15.78,16.27,3.11,-2.72,持平,平稳波动
002324,普利特,2025-12-17,6天,12.34,12.72,3.08,-3.0,放量,资金流入
002324,普利特,2025-12-17,6天,12.34,12.72,3.08,-3.0,放量,资金流入
603985,恒润股份,2025-12-09,14天,14.32,14.76,3.07,-1.61,放量,资金流入
603713,密尔克卫,2025-12-09,14天,54.25,55.9,3.04,-4.02,放量,资金流入
002959,小熊电器,2025-12-16,7天,42.68,43.97,3.02,-1.19,放量,资金流入
002857,三晖电气,2025-12-16,7天,20.09,20.68,2.94,-0.35,缩量,成交乏力
600794,保税科技,2025-12-15,8天,3.74,3.85,2.94,-2.41,持平,平稳波动
603786,科博达,2025-12-19,4天,72.72,74.8,2.86,-2.98,放量,资金流入
603786,科博达,2025-12-19,4天,72.72,74.8,2.86,-2.98,放量,资金流入
603786,科博达,2025-12-19,4天,72.72,74.8,2.86,-2.98,放量,资金流入
002541,鸿路钢构,2025-12-15,8天,16.27,16.72,2.77,-4.79,放量,资金流入
603818,曲美家居,2025-12-16,7天,3.61,3.71,2.77,-3.05,持平,平稳波动
002640,跨境通,2025-12-17,6天,4.34,4.46,2.76,-3.0,放量,资金流入
002640,跨境通,2025-12-17,6天,4.34,4.46,2.76,-3.0,放量,资金流入
002017,东信和平,2025-12-17,6天,20.9,21.47,2.73,-3.54,放量,资金流入
002648,卫星化学,2025-12-09,14天,16.5,16.95,2.73,-1.82,持平,平稳波动
000799,酒鬼酒,2025-12-11,12天,54.11,55.58,2.72,-0.11,放量,冲高回落 | 资金流入
601865,福莱特,2025-12-16,7天,15.17,15.58,2.7,-0.66,缩量,成交乏力
002017,东信和平,2025-12-12,11天,20.91,21.47,2.68,-3.83,放量,资金流入
002017,东信和平,2025-12-12,11天,20.91,21.47,2.68,-3.83,放量,资金流入
002180,纳思达,2025-12-16,7天,18.75,19.25,2.67,-2.61,持平,平稳波动
002857,三晖电气,2025-12-10,13天,20.15,20.68,2.63,-2.13,持平,平稳波动
002179,中航光电,2025-12-10,13天,33.32,34.18,2.58,-3.45,放量,资金流入
603009,北特科技,2025-12-04,19天,40.76,41.76,2.45,-2.04,持平,冲高回落
600560,金自天正,2025-12-17,6天,15.55,15.93,2.44,-2.77,持平,平稳波动
600560,金自天正,2025-12-17,6天,15.55,15.93,2.44,-2.77,持平,平稳波动
002959,小熊电器,2025-12-17,6天,42.93,43.97,2.42,-1.4,持平,平稳波动
002959,小熊电器,2025-12-17,6天,42.93,43.97,2.42,-1.4,持平,平稳波动
000710,贝瑞基因,2025-12-17,6天,11.31,11.58,2.39,-2.39,放量,资金流入
600967,内蒙一机,2025-12-15,8天,15.91,16.27,2.26,-3.52,持平,平稳波动
600316,洪都航空,2025-12-17,6天,30.51,31.2,2.26,-3.31,持平,平稳波动
600316,洪都航空,2025-12-17,6天,30.51,31.2,2.26,-3.31,持平,平稳波动
603151,邦基科技,2025-12-16,7天,17.95,18.35,2.23,-2.34,持平,平稳波动
600395,盘江股份,2025-12-15,8天,4.62,4.72,2.16,-1.52,持平,平稳波动
600395,盘江股份,2025-12-12,11天,4.62,4.72,2.16,-1.52,持平,平稳波动
600395,盘江股份,2025-12-12,11天,4.62,4.72,2.16,-1.52,持平,平稳波动
002179,中航光电,2025-12-18,5天,33.47,34.18,2.12,-2.81,持平,平稳波动
002648,卫星化学,2025-12-10,13天,16.6,16.95,2.11,-2.41,持平,平稳波动
603255,鼎际得,2025-12-19,4天,29.5,30.12,2.1,-1.66,放量,资金流入
603255,鼎际得,2025-12-19,4天,29.5,30.12,2.1,-1.66,放量,资金流入
603255,鼎际得,2025-12-19,4天,29.5,30.12,2.1,-1.66,放量,资金流入
600500,中化国际,2025-12-15,8天,3.83,3.91,2.09,-1.83,缩量,成交乏力
002640,跨境通,2025-12-16,7天,4.37,4.46,2.06,-3.66,放量,资金流入
002179,中航光电,2025-12-08,15天,33.5,34.18,2.03,-3.97,放量,资金流入
002867,周大生,2025-12-12,11天,11.95,12.19,2.01,-1.59,持平,平稳波动
002867,周大生,2025-12-12,11天,11.95,12.19,2.01,-1.59,持平,平稳波动
002867,周大生,2025-12-16,7天,11.95,12.19,2.01,-0.67,缩量,成交乏力
603444,吉比特,2025-12-02,21天,437.74,446.39,1.98,-2.47,持平,冲高回落
603566,普莱柯,2025-12-15,8天,12.63,12.88,1.98,-0.87,持平,平稳波动
603605,珀莱雅,2025-12-17,6天,67.78,69.1,1.95,-2.97,放量,资金流入
603605,珀莱雅,2025-12-17,6天,67.78,69.1,1.95,-2.97,放量,资金流入
002274,华昌化工,2025-12-15,8天,5.66,5.77,1.94,-3.18,持平,平稳波动
002456,欧菲光,2025-12-17,6天,10.47,10.67,1.91,-1.91,缩量,成交乏力
002456,欧菲光,2025-12-17,6天,10.47,10.67,1.91,-1.91,缩量,成交乏力
600436,片仔癀,2025-12-04,19天,168.75,171.98,1.91,-0.92,持平,平稳波动
605588,冠石科技,2025-12-19,4天,49.37,50.27,1.82,-0.73,持平,平稳波动
605588,冠石科技,2025-12-19,4天,49.37,50.27,1.82,-0.73,持平,平稳波动
600500,中化国际,2025-12-12,11天,3.84,3.91,1.82,-2.34,缩量,成交乏力
605588,冠石科技,2025-12-19,4天,49.37,50.27,1.82,-0.73,持平,平稳波动
600500,中化国际,2025-12-12,11天,3.84,3.91,1.82,-2.34,缩量,成交乏力
600760,中航沈飞,2025-12-16,7天,53.9,54.86,1.78,-1.86,缩量,成交乏力
002541,鸿路钢构,2025-12-04,19天,16.43,16.72,1.77,-6.57,放量,资金流入
002179,中航光电,2025-12-15,8天,33.59,34.18,1.76,-3.96,放量,资金流入
600845,宝信软件,2025-12-17,6天,20.03,20.38,1.75,-2.1,持平,平稳波动
600845,宝信软件,2025-12-17,6天,20.03,20.38,1.75,-2.1,持平,平稳波动
603609,禾丰股份,2025-12-16,7天,7.03,7.15,1.71,-1.14,缩量,成交乏力
002095,生 意 宝,2025-12-18,5天,17.66,17.96,1.7,-0.45,持平,平稳波动
603949,雪龙集团,2025-12-04,19天,18.24,18.55,1.7,-4.0,放量,资金流入
603916,苏博特,2025-12-15,8天,9.44,9.6,1.69,-2.75,放量,资金流入
601216,君正集团,2025-12-15,8天,4.73,4.81,1.69,-1.48,持平,平稳波动
603117,万林物流,2025-12-17,6天,4.75,4.83,1.68,-3.58,缩量,成交乏力
603117,万林物流,2025-12-17,6天,4.75,4.83,1.68,-3.58,缩量,成交乏力
000617,中油资本,2025-12-09,14天,9.06,9.21,1.66,-3.09,持平,平稳波动
000617,中油资本,2025-12-17,6天,9.06,9.21,1.66,-3.09,放量,资金流入
603566,普莱柯,2025-12-16,7天,12.67,12.88,1.66,-1.18,缩量,成交乏力
000550,江铃汽车,2025-12-15,8天,18.4,18.7,1.63,-0.82,缩量,成交乏力
002365,永安药业,2025-12-17,6天,14.95,15.19,1.61,-2.27,持平,平稳波动
002365,永安药业,2025-12-17,6天,14.95,15.19,1.61,-2.27,持平,平稳波动
600007,中国国贸,2025-12-12,11天,18.76,19.06,1.6,-1.07,持平,平稳波动
000628,高新发展,2025-12-18,5天,43.66,44.36,1.6,-0.94,缩量,成交乏力
600007,中国国贸,2025-12-12,11天,18.76,19.06,1.6,-1.07,持平,平稳波动
002646,天佑德酒,2025-12-16,7天,8.84,8.98,1.58,-0.9,缩量,成交乏力
603867,新化股份,2025-12-19,4天,24.85,25.24,1.57,-0.76,持平,平稳波动
603867,新化股份,2025-12-19,4天,24.85,25.24,1.57,-0.76,持平,平稳波动
603867,新化股份,2025-12-19,4天,24.85,25.24,1.57,-0.76,持平,平稳波动
002094,青岛金王,2025-12-10,13天,7.17,7.28,1.53,-2.37,放量,资金流入
002094,青岛金王,2025-12-10,13天,7.17,7.28,1.53,-2.37,放量,资金流入
600395,盘江股份,2025-12-11,12天,4.65,4.72,1.51,-2.15,放量,资金流入
002918,蒙娜丽莎,2025-12-10,13天,14.09,14.3,1.49,-3.83,持平,平稳波动
601216,君正集团,2025-12-12,11天,4.74,4.81,1.48,-1.69,持平,平稳波动
601216,君正集团,2025-12-12,11天,4.74,4.81,1.48,-1.69,持平,平稳波动
002145,钛能化学,2025-12-19,4天,4.87,4.94,1.44,-3.49,放量,资金流入
002145,钛能化学,2025-12-19,4天,4.87,4.94,1.44,-3.49,放量,资金流入
002145,钛能化学,2025-12-19,4天,4.87,4.94,1.44,-3.49,放量,资金流入
603609,禾丰股份,2025-12-15,8天,7.05,7.15,1.42,-2.13,持平,平稳波动
600749,西藏旅游,2025-12-17,6天,16.86,17.1,1.42,-2.14,放量,资金流入
600749,西藏旅游,2025-12-17,6天,16.86,17.1,1.42,-2.14,放量,资金流入
000628,高新发展,2025-12-16,7天,43.75,44.36,1.39,-2.63,持平,平稳波动
002857,三晖电气,2025-12-09,14天,20.4,20.68,1.37,-3.33,放量,资金流入
603486,科沃斯,2025-12-02,21天,77.93,79.0,1.37,-1.59,放量,冲高回落 | 资金流入
603178,圣龙股份,2025-12-15,8天,18.28,18.53,1.37,-2.02,放量,资金流入
603486,科沃斯,2025-12-02,21天,77.93,79.0,1.37,-1.59,放量,冲高回落 | 资金流入
000048,京基智农,2025-12-09,14天,13.35,13.53,1.35,-5.02,缩量,成交乏力
600375,汉马科技,2025-12-11,12天,6.03,6.11,1.33,-5.47,缩量,成交乏力
002530,金财互联,2025-12-17,6天,9.8,9.93,1.33,-3.88,放量,资金流入
000831,中国稀土,2025-12-19,4天,45.15,45.75,1.33,-2.81,持平,平稳波动
000831,中国稀土,2025-12-19,4天,45.15,45.75,1.33,-2.81,持平,平稳波动
002530,金财互联,2025-12-17,6天,9.8,9.93,1.33,-3.88,放量,资金流入
000831,中国稀土,2025-12-19,4天,45.15,45.75,1.33,-2.81,持平,平稳波动
002427,尤夫股份,2025-12-15,8天,6.22,6.3,1.29,-3.54,放量,资金流入
601718,际华集团,2025-12-17,6天,3.33,3.37,1.2,-1.8,持平,平稳波动
601718,际华集团,2025-12-17,6天,3.33,3.37,1.2,-1.8,持平,平稳波动
601718,际华集团,2025-12-16,7天,3.33,3.37,1.2,-1.8,持平,平稳波动
603275,众辰科技,2025-12-03,20天,40.99,41.47,1.17,-3.71,持平,平稳波动
002456,欧菲光,2025-12-16,7天,10.55,10.67,1.14,-3.13,持平,平稳波动
000401,金隅冀东,2025-12-17,6天,4.45,4.5,1.12,-1.57,持平,平稳波动
002616,长青集团,2025-12-17,6天,5.45,5.51,1.1,-2.39,持平,平稳波动
002616,长青集团,2025-12-17,6天,5.45,5.51,1.1,-2.39,持平,平稳波动
603151,邦基科技,2025-12-15,8天,18.15,18.35,1.1,-3.42,持平,平稳波动
600976,健民集团,2025-12-12,11天,35.2,35.58,1.08,-1.16,持平,平稳波动
600976,健民集团,2025-12-12,11天,35.2,35.58,1.08,-1.16,持平,平稳波动
002568,百润股份,2025-12-17,6天,21.53,21.76,1.07,-1.53,持平,平稳波动
002568,百润股份,2025-12-17,6天,21.53,21.76,1.07,-1.53,持平,平稳波动
601766,中国中车,2025-12-15,8天,6.78,6.85,1.03,-1.03,持平,平稳波动
600548,深高速,2025-12-15,8天,8.8,8.89,1.02,-1.36,缩量,成交乏力
002867,周大生,2025-12-15,8天,12.07,12.19,0.99,-1.66,缩量,成交乏力
600760,中航沈飞,2025-12-15,8天,54.33,54.86,0.98,-2.63,持平,平稳波动
000932,华菱钢铁,2025-12-15,8天,5.49,5.54,0.91,-3.28,缩量,成交乏力
002797,第一创业,2025-12-09,14天,6.87,6.93,0.87,-1.46,持平,平稳波动
600211,西藏药业,2025-12-10,13天,42.06,42.39,0.78,-3.83,持平,平稳波动
603095,越剑智能,2025-12-08,15天,14.27,14.38,0.77,-4.56,放量,冲高回落 | 资金流入
603848,好太太,2025-12-17,6天,18.87,19.01,0.74,-2.12,放量,资金流入
603848,好太太,2025-12-17,6天,18.87,19.01,0.74,-2.12,放量,资金流入
600211,西藏药业,2025-12-09,14天,42.1,42.39,0.69,-3.92,放量,资金流入
603337,杰克科技,2025-11-28,25天,38.72,38.96,0.62,-1.91,持平,冲高回落
000045,深纺织Ａ,2025-12-18,5天,11.92,11.99,0.59,-1.43,放量,资金流入
603767,中马传动,2025-12-16,7天,23.63,23.77,0.59,-4.44,放量,资金流入
002797,第一创业,2025-12-11,12天,6.89,6.93,0.58,-1.74,缩量,成交乏力
000029,深深房Ａ,2025-12-12,11天,23.3,23.43,0.56,-7.21,缩量,成交乏力
000029,深深房Ａ,2025-12-12,11天,23.3,23.43,0.56,-7.21,缩量,成交乏力
002062,宏润建设,2025-12-19,4天,9.12,9.17,0.55,-5.59,持平,平稳波动
002062,宏润建设,2025-12-19,4天,9.12,9.17,0.55,-5.59,持平,平稳波动
002062,宏润建设,2025-12-19,4天,9.12,9.17,0.55,-5.59,持平,平稳波动
002543,万和电气,2025-12-15,8天,9.96,10.01,0.5,-2.51,缩量,成交乏力
605378,野马电池,2025-12-16,7天,22.41,22.51,0.45,-2.99,放量,资金流入
603630,拉芳家化,2025-12-11,12天,20.4,20.49,0.44,-3.82,放量,资金流入
600985,淮北矿业,2025-12-12,11天,11.35,11.4,0.44,-1.32,持平,平稳波动
603630,拉芳家化,2025-12-11,12天,20.4,20.49,0.44,-3.82,放量,资金流入
600985,淮北矿业,2025-12-12,11天,11.35,11.4,0.44,-1.32,持平,平稳波动
603859,能科科技,2025-12-19,4天,39.26,39.43,0.43,-0.36,持平,平稳波动
603859,能科科技,2025-12-19,4天,39.26,39.43,0.43,-0.36,持平,平稳波动
603859,能科科技,2025-12-19,4天,39.26,39.43,0.43,-0.36,持平,平稳波动
002410,广联达,2025-12-16,7天,12.25,12.3,0.41,-2.12,持平,平稳波动
002580,圣阳股份,2025-12-15,8天,12.46,12.5,0.32,-4.25,持平,平稳波动
002015,协鑫能科,2025-12-09,14天,9.96,9.99,0.3,-2.41,持平,平稳波动
002542,中化岩土,2025-12-19,4天,3.38,3.39,0.3,-2.96,放量,资金流入
002542,中化岩土,2025-12-19,4天,3.38,3.39,0.3,-2.96,放量,资金流入
002015,协鑫能科,2025-12-09,14天,9.96,9.99,0.3,-2.41,持平,平稳波动
000983,山西焦煤,2025-12-15,8天,6.56,6.58,0.3,-3.81,持平,平稳波动
002542,中化岩土,2025-12-19,4天,3.38,3.39,0.3,-2.96,放量,资金流入
600436,片仔癀,2025-12-03,20天,171.48,171.98,0.29,-2.72,持平,平稳波动
600422,昆药集团,2025-12-19,4天,12.46,12.49,0.24,-1.04,缩量,成交乏力
603086,先达股份,2025-12-19,4天,8.17,8.19,0.24,-1.96,持平,平稳波动
600422,昆药集团,2025-12-19,4天,12.46,12.49,0.24,-1.04,缩量,成交乏力
600422,昆药集团,2025-12-19,4天,12.46,12.49,0.24,-1.04,缩量,成交乏力
603086,先达股份,2025-12-19,4天,8.17,8.19,0.24,-1.96,持平,平稳波动
601099,太平洋,2025-12-09,14天,4.11,4.12,0.24,-2.19,缩量,成交乏力
603086,先达股份,2025-12-19,4天,8.17,8.19,0.24,-1.96,持平,平稳波动
605259,绿田机械,2025-12-19,4天,21.43,21.47,0.19,-1.96,持平,平稳波动
605259,绿田机械,2025-12-19,4天,21.43,21.47,0.19,-1.96,持平,平稳波动
605259,绿田机械,2025-12-19,4天,21.43,21.47,0.19,-1.96,持平,平稳波动
002410,广联达,2025-12-15,8天,12.28,12.3,0.16,-3.01,持平,平稳波动
600548,深高速,2025-12-12,11天,8.88,8.89,0.11,-2.25,放量,资金流入
600548,深高速,2025-12-12,11天,8.88,8.89,0.11,-2.25,放量,资金流入
600548,深高速,2025-12-17,6天,8.88,8.89,0.11,-0.9,缩量,成交乏力
600548,深高速,2025-12-17,6天,8.88,8.89,0.11,-0.9,缩量,成交乏力
601865,福莱特,2025-12-12,11天,15.57,15.58,0.06,-3.47,放量,资金流入
601865,福莱特,2025-12-12,11天,15.57,15.58,0.06,-3.47,放量,资金流入
601865,福莱特,2025-12-15,8天,15.57,15.58,0.06,-3.21,持平,平稳波动
002568,百润股份,2025-12-10,13天,21.75,21.76,0.05,-3.68,持平,平稳波动
603955,大千生态,2025-12-15,8天,30.33,30.34,0.03,-5.7,放量,资金流入
601162,天风证券,2025-12-19,4天,4.21,4.21,0.0,-2.38,放量,资金流入
603189,网达软件,2025-12-22,1天,20.08,20.08,0.0,-0.95,持平,平稳波动
002145,钛能化学,2025-12-22,1天,4.94,4.94,0.0,-1.62,持平,平稳波动
601162,天风证券,2025-12-19,4天,4.21,4.21,0.0,-2.38,放量,资金流入
601162,天风证券,2025-12-19,4天,4.21,4.21,0.0,-2.38,放量,资金流入
600779,水井坊,2025-12-22,1天,36.53,36.53,0.0,-0.79,缩量,成交乏力
603079,圣达生物,2025-12-22,1天,16.7,16.7,0.0,-0.9,放量,资金流入
603579,荣泰健康,2025-12-22,1天,23.42,23.42,0.0,-0.94,持平,平稳波动
603255,鼎际得,2025-12-22,1天,30.12,30.12,0.0,-2.72,放量,资金流入
001979,招商蛇口,2025-12-22,1天,8.71,8.71,0.0,-1.38,放量,资金流入
603939,益丰药房,2025-12-22,1天,22.06,22.06,0.0,-0.82,缩量,成交乏力
600375,汉马科技,2025-12-22,1天,6.11,6.11,0.0,-2.29,放量,资金流入
600131,国网信通,2025-12-22,1天,16.05,16.05,0.0,-1.56,放量,资金流入
600779,水井坊,2025-12-19,4天,36.56,36.53,-0.08,-2.11,持平,平稳波动
600779,水井坊,2025-12-19,4天,36.56,36.53,-0.08,-2.11,持平,平稳波动
600779,水井坊,2025-12-19,4天,36.56,36.53,-0.08,-2.11,持平,平稳波动
600976,健民集团,2025-12-11,12天,35.61,35.58,-0.08,-2.3,放量,资金流入
002423,中粮资本,2025-12-09,14天,11.63,11.62,-0.09,-3.7,缩量,成交乏力
601127,赛力斯,2025-12-17,6天,121.55,121.42,-0.11,-2.24,缩量,成交乏力
601127,赛力斯,2025-12-17,6天,121.55,121.42,-0.11,-2.24,缩量,成交乏力
000661,长春高新,2025-12-17,6天,95.31,95.19,-0.13,-2.62,缩量,成交乏力
002568,百润股份,2025-12-16,7天,21.79,21.76,-0.14,-2.8,缩量,成交乏力
603722,阿科力,2025-12-19,4天,37.19,37.13,-0.16,-0.4,持平,平稳波动
603722,阿科力,2025-12-19,4天,37.19,37.13,-0.16,-0.4,持平,平稳波动
603722,阿科力,2025-12-19,4天,37.19,37.13,-0.16,-0.4,持平,平稳波动
605378,野马电池,2025-12-17,6天,22.55,22.51,-0.18,-2.93,持平,平稳波动
600481,双良节能,2025-12-11,12天,5.56,5.55,-0.18,-3.6,缩量,成交乏力
605378,野马电池,2025-12-17,6天,22.55,22.51,-0.18,-2.93,持平,平稳波动
000661,长春高新,2025-12-18,5天,95.36,95.19,-0.18,-0.69,缩量,成交乏力
600383,金地集团,2025-12-11,12天,3.17,3.16,-0.32,-3.15,缩量,成交乏力
000661,长春高新,2025-12-16,7天,95.53,95.19,-0.36,-2.85,放量,资金流入
605333,沪光股份,2025-11-28,25天,29.3,29.19,-0.38,-3.0,放量,冲高回落 | 资金流入
603086,先达股份,2025-12-09,14天,8.23,8.19,-0.49,-6.2,缩量,成交乏力
603086,先达股份,2025-12-09,14天,8.23,8.19,-0.49,-6.2,缩量,成交乏力
002694,顾地科技,2025-12-16,7天,3.92,3.9,-0.51,-2.81,缩量,成交乏力
302132,中航成飞,2025-12-19,4天,76.69,76.25,-0.57,-1.03,缩量,成交乏力
302132,中航成飞,2025-12-19,4天,76.69,76.25,-0.57,-1.03,缩量,成交乏力
302132,中航成飞,2025-12-19,4天,76.69,76.25,-0.57,-1.03,缩量,成交乏力
603630,拉芳家化,2025-12-19,4天,20.61,20.49,-0.58,-3.78,持平,平稳波动
603630,拉芳家化,2025-12-19,4天,20.61,20.49,-0.58,-3.78,持平,平稳波动
603630,拉芳家化,2025-12-19,4天,20.61,20.49,-0.58,-3.78,持平,平稳波动
600985,淮北矿业,2025-12-15,8天,11.47,11.4,-0.61,-2.35,缩量,成交乏力
000989,九芝堂,2025-12-11,12天,9.09,9.03,-0.66,-4.84,持平,平稳波动
001289,龙源电力,2025-12-12,11天,15.33,15.22,-0.72,-2.35,放量,资金流入
001289,龙源电力,2025-12-12,11天,15.33,15.22,-0.72,-2.35,放量,资金流入
600548,深高速,2025-12-16,7天,8.96,8.89,-0.78,-2.57,缩量,成交乏力
600326,西藏天路,2025-12-15,8天,11.01,10.92,-0.82,-4.36,放量,资金流入
600131,国网信通,2025-12-15,8天,16.19,16.05,-0.86,-2.53,持平,平稳波动
000799,酒鬼酒,2025-12-10,13天,56.06,55.58,-0.86,-3.59,放量,冲高回落 | 资金流入
603950,长源东谷,2025-12-03,20天,29.86,29.6,-0.87,-7.74,放量,冲高回落 | 资金流入
601098,中南传媒,2025-12-02,21天,11.17,11.07,-0.9,-1.61,持平,平稳波动
600967,内蒙一机,2025-12-12,11天,16.42,16.27,-0.91,-6.52,放量,资金流入
600325,华发股份,2025-12-12,11天,4.41,4.37,-0.91,-4.08,持平,平稳波动
600967,内蒙一机,2025-12-12,11天,16.42,16.27,-0.91,-6.52,放量,资金流入
600325,华发股份,2025-12-12,11天,4.41,4.37,-0.91,-4.08,持平,平稳波动
600446,金证股份,2025-12-02,21天,15.67,15.52,-0.96,-4.47,持平,平稳波动
600375,汉马科技,2025-12-10,13天,6.17,6.11,-0.97,-7.62,持平,平稳波动
603630,拉芳家化,2025-12-10,13天,20.7,20.49,-1.01,-5.22,放量,资金流入
603486,科沃斯,2025-12-04,19天,79.88,79.0,-1.1,-3.99,持平,平稳波动
002423,中粮资本,2025-12-03,20天,11.75,11.62,-1.11,-4.68,放量,资金流入
600325,华发股份,2025-12-11,12天,4.42,4.37,-1.13,-4.3,持平,平稳波动
600985,淮北矿业,2025-12-10,13天,11.53,11.4,-1.13,-2.86,持平,平稳波动
000568,泸州老窖,2025-12-15,8天,122.81,121.33,-1.21,-1.68,缩量,成交乏力
600048,保利发展,2025-12-12,11天,6.42,6.34,-1.25,-3.58,缩量,成交乏力
600048,保利发展,2025-12-11,12天,6.42,6.34,-1.25,-3.58,持平,平稳波动
600048,保利发展,2025-12-12,11天,6.42,6.34,-1.25,-3.58,缩量,成交乏力
603416,信捷电气,2025-12-04,19天,54.0,53.31,-1.28,-3.7,持平,冲高回落
605286,同力日升,2025-12-17,6天,37.68,37.19,-1.3,-5.1,持平,平稳波动
605286,同力日升,2025-12-17,6天,37.68,37.19,-1.3,-5.1,持平,平稳波动
002488,金固股份,2025-12-15,8天,8.33,8.21,-1.44,-7.68,缩量,成交乏力
605050,福然德,2025-12-10,13天,13.12,12.93,-1.45,-5.49,持平,平稳波动
601127,赛力斯,2025-12-16,7天,123.31,121.42,-1.53,-3.63,持平,平稳波动
002488,金固股份,2025-12-10,13天,8.35,8.21,-1.68,-7.9,放量,冲高回落 | 资金流入
603275,众辰科技,2025-12-10,13天,42.18,41.47,-1.68,-6.42,持平,平稳波动
603806,福斯特,2025-12-15,8天,13.58,13.35,-1.69,-4.49,持平,平稳波动
002488,金固股份,2025-12-11,12天,8.36,8.21,-1.79,-8.01,放量,冲高回落 | 资金流入
000002,万  科Ａ,2025-12-12,11天,5.02,4.93,-1.79,-4.38,缩量,成交乏力
000002,万  科Ａ,2025-12-12,11天,5.02,4.93,-1.79,-4.38,缩量,成交乏力
601519,大智慧,2025-12-09,14天,13.13,12.89,-1.83,-4.04,缩量,成交乏力
601162,天风证券,2025-12-09,14天,4.29,4.21,-1.86,-5.59,缩量,成交乏力
601162,天风证券,2025-12-09,14天,4.29,4.21,-1.86,-5.59,缩量,成交乏力
600153,建发股份,2025-12-11,12天,9.5,9.32,-1.89,-2.21,持平,平稳波动
002945,华林证券,2025-12-09,14天,14.66,14.35,-2.11,-4.43,持平,平稳波动
601699,潞安环能,2025-12-15,8天,12.47,12.2,-2.17,-4.57,缩量,成交乏力
000006,深振业Ａ,2025-12-11,12天,10.0,9.78,-2.2,-7.1,持平,平稳波动
603567,珍宝岛,2025-12-04,19天,10.06,9.83,-2.29,-5.07,放量,资金流入
600708,光明地产,2025-12-10,13天,3.32,3.23,-2.71,-7.83,持平,平稳波动
000002,万  科Ａ,2025-12-11,12天,5.07,4.93,-2.76,-5.33,持平,平稳波动
605050,福然德,2025-12-02,21天,13.3,12.93,-2.78,-6.77,持平,平稳波动
605050,福然德,2025-12-02,21天,13.3,12.93,-2.78,-6.77,持平,平稳波动
600481,双良节能,2025-12-10,13天,5.71,5.55,-2.8,-6.13,持平,平稳波动
002694,顾地科技,2025-12-15,8天,4.02,3.9,-2.99,-5.47,持平,平稳波动
002048,宁波华翔,2025-12-09,14天,28.6,27.74,-3.01,-8.88,放量,冲高回落 | 资金流入
600266,城建发展,2025-12-09,14天,4.64,4.5,-3.02,-4.74,持平,平稳波动
002082,万邦德,2025-12-15,8天,12.27,11.89,-3.1,-5.95,持平,平稳波动
600779,水井坊,2025-12-16,7天,37.76,36.53,-3.26,-5.22,放量,资金流入
002664,信质集团,2025-12-04,19天,22.93,22.18,-3.27,-8.24,放量,资金流入
603806,福斯特,2025-12-10,13天,13.83,13.35,-3.47,-6.22,放量,资金流入
002527,新时达,2025-12-09,14天,15.9,15.34,-3.52,-8.55,持平,平稳波动
000029,深深房Ａ,2025-12-09,14天,24.31,23.43,-3.62,-11.07,放量,冲高回落 | 资金流入
600481,双良节能,2025-12-09,14天,5.76,5.55,-3.65,-6.94,持平,平稳波动
603135,中重科技,2025-12-08,15天,9.59,9.24,-3.65,-6.99,放量,冲高回落 | 资金流入
600325,华发股份,2025-12-10,13天,4.54,4.37,-3.74,-6.83,放量,资金流入
603806,福斯特,2025-12-12,11天,13.87,13.35,-3.75,-6.49,放量,资金流入
603806,福斯特,2025-12-12,11天,13.87,13.35,-3.75,-6.49,放量,资金流入
002488,金固股份,2025-12-09,14天,8.54,8.21,-3.86,-9.95,放量,资金流入
600405,动力源,2025-12-04,19天,5.39,5.18,-3.9,-8.53,持平,平稳波动
600779,水井坊,2025-12-15,8天,38.03,36.53,-3.94,-5.89,放量,资金流入
601636,旗滨集团,2025-11-28,25天,6.1,5.85,-4.1,-4.1,持平,平稳波动
600779,水井坊,2025-12-10,13天,38.2,36.53,-4.37,-6.31,放量,资金流入
002102,能特科技,2025-12-04,19天,3.53,3.37,-4.53,-7.08,放量,资金流入
600383,金地集团,2025-12-10,13天,3.32,3.16,-4.82,-7.53,持平,平稳波动
600048,保利发展,2025-12-10,13天,6.68,6.34,-5.09,-7.34,持平,大幅回调
002403,爱仕达,2025-12-04,19天,13.08,12.36,-5.5,-8.94,放量,大幅回调 | 冲高回落 | 资金流入
600603,广汇物流,2025-12-08,15天,6.86,6.48,-5.54,-9.77,持平,大幅回调
002543,万和电气,2025-12-03,20天,10.6,10.01,-5.57,-8.4,放量,大幅回调 | 资金流入
002403,爱仕达,2025-12-08,15天,13.1,12.36,-5.65,-9.08,持平,大幅回调 | 冲高回落
605198,安德利,2025-12-04,19天,38.78,36.59,-5.65,-9.21,放量,大幅回调 | 资金流入
000712,锦龙股份,2025-12-09,14天,12.68,11.93,-5.91,-8.52,放量,大幅回调 | 冲高回落 | 资金流入
605198,安德利,2025-12-03,20天,38.96,36.59,-6.08,-9.63,放量,大幅回调 | 资金流入
000002,万  科Ａ,2025-12-10,13天,5.25,4.93,-6.1,-10.48,持平,大幅回调
002543,万和电气,2025-12-04,19天,10.71,10.01,-6.54,-9.34,放量,大幅回调 | 资金流入
603373,安邦护卫,2025-12-11,12天,41.0,38.23,-6.76,-9.44,持平,大幅回调 | 冲高回落
000818,航锦科技,2025-12-03,20天,20.41,18.99,-6.96,-11.07,持平,大幅回调
601618,中国中冶,2025-12-02,21天,3.24,3.01,-7.1,-10.49,放量,大幅回调 | 冲高回落 | 资金流入
601618,中国中冶,2025-12-02,21天,3.24,3.01,-7.1,-10.49,放量,大幅回调 | 冲高回落 | 资金流入
600530,交大昂立,2025-12-09,14天,7.36,6.72,-8.7,-17.53,放量,大幅回调 | 冲高回落 | 资金流入
603373,安邦护卫,2025-12-10,13天,42.22,38.23,-9.45,-12.06,放量,大幅回调 | 资金流入
603590,康辰药业,2025-12-04,19天,44.96,40.67,-9.54,-9.79,放量,大幅回调 | 冲高回落 | 资金流入
