代码,名称,日期,单阳日
002706,良信股份,2026-02-25,2026-02-12
600110,诺德股份,2026-02-25,2026-02-24
002225,濮耐股份,2026-02-25,2026-02-24
000407,胜利股份,2026-02-25,2026-02-24
603889,新澳股份,2026-02-25,2026-02-24
002258,利尔化学,2026-02-25,2026-02-24
601777,千里科技,2026-02-25,2026-02-13
603861,白云电器,2026-02-25,2026-02-24
002743,富煌钢构,2026-02-25,2026-02-24
002476,宝莫股份,2026-02-25,2026-02-24
002064,华峰化学,2026-02-25,2026-02-24
600452,涪陵电力,2026-02-25,2026-02-10
600667,太极实业,2026-02-25,2026-02-24
605303,园林股份,2026-02-25,2026-02-24
000811,冰轮环境,2026-02-25,2026-02-24
002478,常宝股份,2026-02-25,2026-02-24
002208,合肥城建,2026-02-25,2026-02-24
002283,天润工业,2026-02-25,2026-02-24
603968,醋化股份,2026-02-25,2026-02-24
002012,凯恩股份,2026-02-25,2026-02-11
603601,再升科技,2026-02-25,2026-02-24
002519,银河电子,2026-02-25,2026-02-10
600590,泰豪科技,2026-02-25,2026-02-12
000571,新大洲A,2026-02-25,2026-02-10
002448,中原内配,2026-02-25,2026-02-12
603766,隆鑫通用,2026-02-25,2026-02-24
002617,露笑科技,2026-02-25,2026-02-24
600538,国发股份,2026-02-25,2026-02-13
000425,徐工机械,2026-02-25,2026-02-24
002274,华昌化工,2026-02-25,2026-02-24
600505,西昌电力,2026-02-25,2026-02-24
002629,仁智股份,2026-02-25,2026-02-24
600960,渤海汽车,2026-02-25,2026-02-24
605555,德昌股份,2026-02-25,2026-02-10
600710,苏美达,2026-02-25,2026-02-24
603086,先达股份,2026-02-25,2026-02-24
000949,新乡化纤,2026-02-25,2026-02-24
601700,风范股份,2026-02-25,2026-02-12
000801,四川九洲,2026-02-25,2026-02-24
601857,中国石油,2026-02-25,2026-02-24
000510,新金路,2026-02-25,2026-02-12
600470,六国化工,2026-02-25,2026-02-24
601369,陕鼓动力,2026-02-25,2026-02-24
603798,康普顿,2026-02-25,2026-02-24
600510,黑牡丹,2026-02-25,2026-02-24
603466,风语筑,2026-02-25,2026-02-24
002278,神开股份,2026-02-25,2026-02-24
603980,吉华集团,2026-02-25,2026-02-24
603876,鼎胜新材,2026-02-25,2026-02-11
600295,鄂尔多斯,2026-02-25,2026-02-11
002015,协鑫能科,2026-02-25,2026-02-24
603328,依顿电子,2026-02-25,2026-02-10
002655,共达电声,2026-02-25,2026-02-13
002221,东华能源,2026-02-25,2026-02-24
001217,华尔泰,2026-02-25,2026-02-10
000096,广聚能源,2026-02-25,2026-02-24
601118,海南橡胶,2026-02-25,2026-02-24
000875,吉电股份,2026-02-25,2026-02-24
603985,恒润股份,2026-02-25,2026-02-12
000519,中兵红箭,2026-02-25,2026-02-24
603618,杭电股份,2026-02-25,2026-02-11
002441,众业达,2026-02-25,2026-02-24
002300,太阳电缆,2026-02-25,2026-02-24
600158,中体产业,2026-02-25,2026-02-24
002772,众兴菌业,2026-02-25,2026-02-24
600916,中国黄金,2026-02-25,2026-02-24
002810,山东赫达,2026-02-25,2026-02-11
603871,嘉友国际,2026-02-25,2026-02-24
600860,京城股份,2026-02-25,2026-02-24
002654,万润科技,2026-02-25,2026-02-24
002632,道明光学,2026-02-25,2026-02-24
002121,科陆电子,2026-02-25,2026-02-24
002215,诺 普 信,2026-02-25,2026-02-10
603002,宏昌电子,2026-02-25,2026-02-24
002201,九鼎新材,2026-02-25,2026-02-24
600689,上海三毛,2026-02-25,2026-02-24
002358,森源电气,2026-02-25,2026-02-12
600668,尖峰集团,2026-02-25,2026-02-10
002340,格林美,2026-02-25,2026-02-11
600995,南网储能,2026-02-25,2026-02-24
600326,西藏天路,2026-02-25,2026-02-10
002483,润邦股份,2026-02-25,2026-02-24
000582,北部湾港,2026-02-25,2026-02-11
603161,科华控股,2026-02-25,2026-02-24
605208,永茂泰,2026-02-25,2026-02-24
002131,利欧股份,2026-02-25,2026-02-12
000922,佳电股份,2026-02-25,2026-02-12
002467,二六三,2026-02-25,2026-02-13
000680,山推股份,2026-02-25,2026-02-24
603856,东宏股份,2026-02-25,2026-02-24
600644,乐山电力,2026-02-25,2026-02-24
001258,立新能源,2026-02-25,2026-02-24
000159,国际实业,2026-02-25,2026-02-24
002196,方正电机,2026-02-25,2026-02-10
600641,万业企业,2026-02-25,2026-02-13
002339,积成电子,2026-02-25,2026-02-24
002205,国统股份,2026-02-25,2026-02-24
000850,华茂股份,2026-02-25,2026-02-11
600397,江钨装备,2026-02-25,2026-02-13
603162,海通发展,2026-02-25,2026-02-10
000822,山东海化,2026-02-25,2026-02-24
000829,天音控股,2026-02-25,2026-02-10
601965,中国汽研,2026-02-25,2026-02-24
003036,泰坦股份,2026-02-25,2026-02-12
600546,山煤国际,2026-02-25,2026-02-24
600079,人福医药,2025-12-25,2025-12-19
002806,华锋股份,2026-02-25,2026-02-10
603588,高能环境,2026-02-25,2026-02-24
002440,闰土股份,2026-02-25,2026-02-10
000852,石化机械,2026-02-25,2026-02-24
002546,新联电子,2026-02-25,2026-02-12
002634,棒杰股份,2026-02-25,2026-02-10
603330,天洋新材,2026-02-25,2026-02-24
601226,华电科工,2026-02-25,2026-02-24
600207,安彩高科,2026-02-25,2026-02-10
600469,风神股份,2026-02-25,2026-02-24
601179,中国西电,2026-02-25,2026-02-24
601133,柏诚股份,2026-02-25,2026-02-24
600299,安迪苏,2026-02-25,2026-02-11
600869,远东股份,2026-02-25,2026-02-24
600724,宁波富达,2026-02-25,2026-02-24
600768,宁波富邦,2026-02-25,2026-02-24
000758,中色股份,2026-02-25,2026-02-24
600821,金开新能,2026-02-25,2026-02-24
000612,焦作万方,2026-02-25,2026-02-11
600188,兖矿能源,2026-02-25,2026-02-12
000782,恒申新材,2026-02-25,2026-02-24
600586,金晶科技,2026-02-25,2026-02-24
600268,国电南自,2026-02-25,2026-02-12
000553,安道麦A,2026-02-25,2026-02-24
600526,菲达环保,2026-02-25,2026-02-24
