触发条件,出现次数,平均收益%,历史最高涨幅平均%,胜率
"形态: 10日内有涨停 | 形态: 两连阴 (-2.32%, -0.42%) | 趋势: 高于MA20",1,162.93,162.93,100.0%
量能: 放量 (1.79X) | 形态: 10日内有涨停 | 趋势: 高于MA20 | 动量: 突破转强 (阳线上穿5/10),1,82.43,91.55,100.0%
"量能: 放量 (2.03X) | 形态: 两连阴 (-1.16%, -0.21%) | 趋势: 高于MA20 | 动量: 突破转强 (阳线上穿5/10)",1,45.02,61.07,100.0%
趋势: 多头排列 (5>20>60) | 量能: 放量 (3.07X) | 形态: 10日内有涨停 | 趋势: 高于MA20 | 动量: 突破转强 (阳线上穿5/10),1,44.15,51.36,100.0%
"形态: 10日内有涨停 | 形态: 两连阴 (-9.99%, -2.83%)",1,42.95,42.95,100.0%
"形态: 两连阴 (-3.82%, -1.75%)",1,26.52,42.61,100.0%
"形态: 两连阴 (-0.92%, -0.19%) | 趋势: 高于MA20",1,26.49,26.49,100.0%
"量能: 放量 (1.51X) | 形态: 两连阴 (-1.24%, -1.03%)",1,25.55,28.65,100.0%
"形态: 两连阴 (-3.21%, -1.71%)",1,25.13,28.79,100.0%
量能: 放量 (1.72X) | 动量: 突破转强 (阳线上穿5/10),1,24.06,24.06,100.0%
"形态: 10日内有涨停 | 形态: 两连阴 (-4.80%, -2.80%)",1,22.17,22.17,100.0%
"形态: 两连阴 (-10.02%, -9.96%)",1,21.62,27.25,100.0%
"形态: 10日内有涨停 | 形态: 两连阴 (-10.01%, -1.32%)",1,21.17,24.74,100.0%
"形态: 10日内有涨停 | 形态: 两连阴 (-9.02%, -1.50%)",1,20.91,33.94,100.0%
"形态: 两连阴 (-8.24%, -2.84%)",1,20.76,35.32,100.0%
量能: 放量 (2.10X) | 趋势: 高于MA20 | 动量: 突破转强 (阳线上穿5/10),1,20.49,20.49,100.0%
"形态: 两连阴 (-1.66%, -0.38%) | 动量: 突破转强 (阳线上穿5/10)",1,19.14,24.35,100.0%
量能: 放量 (2.03X),1,18.04,25.88,100.0%
"量能: 放量 (1.67X) | 形态: 两连阴 (-1.87%, -1.30%) | 趋势: 高于MA20 | 动量: 突破转强 (阳线上穿5/10)",1,17.93,23.3,100.0%
"形态: 两连阴 (-10.03%, -6.71%)",1,17.28,20.98,100.0%
"形态: 10日内有涨停 | 形态: 两连阴 (-10.02%, -2.15%)",1,16.05,28.94,100.0%
"形态: 两连阴 (-9.97%, -7.80%)",1,15.69,16.82,100.0%
"形态: 10日内有涨停 | 形态: 两连阴 (-6.91%, -0.32%)",1,15.09,26.65,100.0%
"形态: 两连阴 (-4.36%, -1.01%)",1,14.4,28.8,100.0%
"形态: 10日内有涨停 | 形态: 两连阴 (-0.41%, -0.93%)",1,14.37,20.96,100.0%
量能: 放量 (1.57X),1,13.95,14.59,100.0%
"形态: 两连阴 (-5.41%, -1.21%)",1,13.45,25.76,100.0%
"形态: 两连阴 (-2.62%, -1.64%) | 趋势: 高于MA20 | 动量: 突破转强 (阳线上穿5/10)",1,13.07,24.66,100.0%
"形态: 两连阴 (-2.61%, -1.34%) | 趋势: 高于MA20",1,12.83,15.78,100.0%
"形态: 两连阴 (-1.09%, -0.60%)",1,12.75,15.49,100.0%
"形态: 两连阴 (-8.43%, -1.45%)",1,12.62,27.87,100.0%
量能: 放量 (2.66X) | 形态: 10日内有涨停 | 趋势: 高于MA20 | 动量: 突破转强 (阳线上穿5/10),1,12.5,12.5,100.0%
"趋势: 多头排列 (5>20>60) | 形态: 10日内有涨停 | 形态: 两连阴 (-4.73%, -3.75%)",1,12.27,14.31,100.0%
"形态: 10日内有涨停 | 形态: 两连阴 (-9.98%, -5.67%)",1,12.24,17.61,100.0%
量能: 放量 (1.63X),1,12.04,12.04,100.0%
"形态: 10日内有涨停 | 形态: 两连阴 (-10.03%, -6.87%)",1,12.03,12.5,100.0%
"形态: 10日内有涨停 | 形态: 两连阴 (-9.97%, -1.53%)",1,11.89,14.81,100.0%
"形态: 两连阴 (-1.83%, -2.21%)",1,11.48,13.09,100.0%
"形态: 两连阴 (-0.69%, -0.23%) | 趋势: 高于MA20 | 动量: 突破转强 (阳线上穿5/10)",1,11.3,11.3,100.0%
量能: 放量 (2.03X) | 形态: 10日内有涨停 | 趋势: 高于MA20 | 动量: 突破转强 (阳线上穿5/10),1,11.12,11.12,100.0%
"形态: 10日内有涨停 | 形态: 两连阴 (-9.35%, -5.43%)",1,10.86,15.47,100.0%
"形态: 两连阴 (-9.51%, -1.34%)",1,10.69,17.4,100.0%
"形态: 两连阴 (-8.44%, -1.01%)",1,10.56,13.17,100.0%
"形态: 10日内有涨停 | 形态: 两连阴 (-10.02%, -0.44%)",1,10.52,14.66,100.0%
"形态: 两连阴 (-2.94%, -1.10%)",1,10.45,10.45,100.0%
量能: 放量 (2.51X) | 形态: 10日内有涨停 | 趋势: 高于MA20 | 动量: 突破转强 (阳线上穿5/10),1,10.38,10.38,100.0%
量能: 放量 (2.69X) | 形态: 10日内有涨停 | 趋势: 高于MA20 | 动量: 突破转强 (阳线上穿5/10),1,10.12,22.36,100.0%
"形态: 两连阴 (-7.91%, -0.11%)",1,10.0,10.07,100.0%
量能: 放量 (1.58X),1,10.0,14.11,100.0%
"形态: 10日内有涨停 | 形态: 两连阴 (-9.97%, -0.17%)",1,9.92,9.92,100.0%
趋势: 多头排列 (5>20>60) | 量能: 放量 (2.25X) | 趋势: 高于MA20 | 动量: 突破转强 (阳线上穿5/10),1,9.38,14.36,100.0%
量能: 放量 (1.96X) | 趋势: 高于MA20 | 动量: 突破转强 (阳线上穿5/10),1,9.26,9.91,100.0%
"形态: 10日内有涨停 | 形态: 两连阴 (-5.56%, -0.86%)",1,9.17,9.32,100.0%
"形态: 两连阴 (-0.35%, -0.09%)",1,9.08,9.08,100.0%
"形态: 10日内有涨停 | 形态: 两连阴 (-3.19%, -0.76%) | 趋势: 高于MA20",1,8.75,14.5,100.0%
"形态: 10日内有涨停 | 形态: 两连阴 (-2.36%, -1.57%)",1,8.67,8.93,100.0%
"形态: 两连阴 (-6.54%, -0.26%)",1,8.44,12.28,100.0%
"形态: 两连阴 (-2.82%, -1.20%)",1,8.34,28.6,100.0%
"形态: 两连阴 (-4.80%, -3.66%)",1,8.18,23.31,100.0%
"形态: 两连阴 (-8.16%, -2.25%)",1,8.16,8.27,100.0%
"形态: 两连阴 (-9.87%, -5.57%)",1,7.96,11.07,100.0%
量能: 放量 (1.84X),1,7.92,17.41,100.0%
"形态: 两连阴 (-1.66%, -5.77%)",1,7.62,10.42,100.0%
量能: 放量 (1.66X) | 趋势: 高于MA20 | 动量: 突破转强 (阳线上穿5/10),1,7.49,13.19,100.0%
"形态: 两连阴 (-9.99%, -4.10%)",1,7.46,10.42,100.0%
"形态: 10日内有涨停 | 形态: 两连阴 (-7.87%, -0.13%)",1,7.42,18.36,100.0%
量能: 放量 (2.36X),1,7.35,10.62,100.0%
"形态: 两连阴 (-0.63%, -1.01%) | 趋势: 高于MA20",1,7.29,7.29,100.0%
量能: 放量 (1.52X) | 趋势: 高于MA20 | 动量: 突破转强 (阳线上穿5/10),1,7.15,9.59,100.0%
形态: 10日内有涨停,55,7.148,13.192545454545455,80.0%
"形态: 两连阴 (-3.81%, -8.91%)",1,7.1,7.1,100.0%
"形态: 两连阴 (-10.03%, -4.32%)",1,7.07,8.79,100.0%
"形态: 两连阴 (-9.13%, -2.61%)",1,7.04,7.83,100.0%
"趋势: 多头排列 (5>20>60) | 形态: 10日内有涨停 | 形态: 两连阴 (-2.43%, -0.40%)",1,7.01,9.23,100.0%
"形态: 两连阴 (-0.16%, -2.45%) | 动量: 突破转强 (阳线上穿5/10)",1,6.91,8.06,100.0%
量能: 放量 (1.61X),1,6.84,9.68,100.0%
"形态: 两连阴 (-9.98%, -7.07%)",1,6.8,7.85,100.0%
"形态: 两连阴 (-1.89%, -1.47%)",1,6.76,6.89,100.0%
"形态: 两连阴 (-0.70%, -0.71%) | 趋势: 高于MA20",1,6.67,6.67,100.0%
动量: 突破转强 (阳线上穿5/10),61,6.391639344262295,10.075081967213116,88.52%
"形态: 10日内有涨停 | 形态: 两连阴 (-9.96%, -5.11%)",1,6.31,6.31,100.0%
"形态: 两连阴 (-5.98%, -1.30%)",1,6.1,7.44,100.0%
"形态: 10日内有涨停 | 形态: 两连阴 (-9.98%, -1.37%)",1,6.1,13.22,100.0%
"形态: 两连阴 (-1.01%, -0.46%) | 趋势: 高于MA20",1,5.98,16.73,100.0%
"形态: 两连阴 (-1.42%, -0.24%) | 趋势: 高于MA20",1,5.89,8.89,100.0%
形态: 10日内有涨停 | 动量: 突破转强 (阳线上穿5/10),5,5.888,7.640000000000001,80.0%
"形态: 两连阴 (-0.44%, -1.77%) | 趋势: 高于MA20",1,5.75,10.89,100.0%
量能: 放量 (1.92X) | 趋势: 高于MA20 | 动量: 突破转强 (阳线上穿5/10),1,5.67,10.48,100.0%
"形态: 两连阴 (-1.00%, -0.38%) | 趋势: 高于MA20 | 动量: 突破转强 (阳线上穿5/10)",1,5.6,7.85,100.0%
"形态: 两连阴 (-7.88%, -4.66%)",1,5.54,9.14,100.0%
量能: 放量 (1.67X) | 趋势: 高于MA20 | 动量: 突破转强 (阳线上穿5/10),2,5.535,7.195,100.0%
量能: 放量 (1.53X) | 趋势: 高于MA20 | 动量: 突破转强 (阳线上穿5/10),1,5.42,7.22,100.0%
"形态: 10日内有涨停 | 形态: 两连阴 (-4.44%, -2.79%) | 趋势: 高于MA20",1,5.26,7.81,100.0%
"形态: 两连阴 (-6.42%, -1.37%)",1,5.18,10.36,100.0%
"形态: 两连阴 (-0.18%, -0.73%) | 趋势: 高于MA20 | 动量: 突破转强 (阳线上穿5/10)",1,5.07,5.07,100.0%
"形态: 两连阴 (-5.10%, -0.46%)",1,5.03,8.23,100.0%
量能: 放量 (1.73X) | 趋势: 高于MA20 | 动量: 突破转强 (阳线上穿5/10),1,4.85,7.21,100.0%
"形态: 两连阴 (-0.74%, -1.04%) | 趋势: 高于MA20 | 动量: 突破转强 (阳线上穿5/10)",1,4.73,4.73,100.0%
"形态: 两连阴 (-7.40%, -1.09%)",1,4.69,5.99,100.0%
"形态: 两连阴 (-9.98%, -4.27%)",1,4.6,11.02,100.0%
量能: 放量 (1.62X) | 动量: 突破转强 (阳线上穿5/10),1,4.59,5.99,100.0%
"形态: 两连阴 (-0.62%, -0.31%)",1,4.42,8.19,100.0%
"形态: 两连阴 (-3.02%, -3.89%)",1,4.32,9.92,100.0%
"量能: 放量 (1.56X) | 形态: 两连阴 (-1.08%, -0.22%) | 趋势: 高于MA20 | 动量: 突破转强 (阳线上穿5/10)",1,4.29,12.23,100.0%
"形态: 10日内有涨停 | 形态: 两连阴 (-3.50%, -0.69%)",1,4.24,7.07,100.0%
"形态: 两连阴 (-6.90%, -0.28%)",1,4.23,7.76,100.0%
量能: 放量 (1.67X) | 动量: 突破转强 (阳线上穿5/10),1,4.14,11.56,100.0%
量能: 放量 (1.73X) | 形态: 10日内有涨停 | 动量: 突破转强 (阳线上穿5/10),1,4.14,4.14,100.0%
"形态: 两连阴 (-0.12%, -0.93%) | 趋势: 高于MA20 | 动量: 突破转强 (阳线上穿5/10)",1,4.07,4.07,100.0%
"形态: 两连阴 (-5.85%, -0.96%)",1,3.9,12.18,100.0%
量能: 放量 (2.21X) | 趋势: 高于MA20 | 动量: 突破转强 (阳线上穿5/10),1,3.9,6.63,100.0%
"量能: 放量 (2.41X) | 形态: 两连阴 (-2.28%, -0.60%) | 趋势: 高于MA20 | 动量: 突破转强 (阳线上穿5/10)",1,3.87,3.87,100.0%
"形态: 两连阴 (-1.75%, -0.41%) | 趋势: 高于MA20",1,3.86,4.97,100.0%
"形态: 两连阴 (-1.52%, -0.33%)",1,3.85,8.8,100.0%
趋势: 高于MA20 | 动量: 突破转强 (阳线上穿5/10),284,3.6897887323943666,6.780316901408451,70.77%
量能: 放量 (2.07X) | 形态: 10日内有涨停 | 趋势: 高于MA20 | 动量: 突破转强 (阳线上穿5/10),1,3.57,10.01,100.0%
形态: 10日内有涨停 | 趋势: 高于MA20 | 动量: 突破转强 (阳线上穿5/10),42,3.540952380952381,8.01452380952381,54.76%
"形态: 两连阴 (-5.81%, -2.46%)",1,3.54,16.67,100.0%
"量能: 放量 (1.55X) | 形态: 两连阴 (-1.03%, -0.13%) | 趋势: 高于MA20",1,3.5,3.5,100.0%
量能: 放量 (2.06X) | 趋势: 高于MA20 | 动量: 突破转强 (阳线上穿5/10),1,3.48,4.41,100.0%
量能: 放量 (1.55X) | 趋势: 高于MA20 | 动量: 突破转强 (阳线上穿5/10),1,3.35,8.13,100.0%
"形态: 10日内有涨停 | 形态: 两连阴 (-1.83%, -0.68%)",1,3.35,5.4,100.0%
量能: 放量 (1.65X) | 形态: 10日内有涨停 | 趋势: 高于MA20 | 动量: 突破转强 (阳线上穿5/10),1,3.2,9.34,100.0%
"形态: 两连阴 (-0.15%, -0.97%) | 趋势: 高于MA20 | 动量: 突破转强 (阳线上穿5/10)",1,3.16,4.36,100.0%
趋势: 多头排列 (5>20>60) | 形态: 10日内有涨停 | 趋势: 高于MA20 | 动量: 突破转强 (阳线上穿5/10),3,3.1333333333333333,10.096666666666666,66.67%
"形态: 两连阴 (-3.73%, -0.73%)",1,2.98,6.2,100.0%
"形态: 两连阴 (-5.08%, -7.43%)",1,2.93,10.45,100.0%
"形态: 两连阴 (-0.74%, -0.62%) | 趋势: 高于MA20 | 动量: 突破转强 (阳线上穿5/10)",1,2.82,3.44,100.0%
"形态: 10日内有涨停 | 形态: 两连阴 (-3.22%, -2.06%)",1,2.82,4.98,100.0%
"形态: 两连阴 (-5.77%, -3.38%)",1,2.76,9.94,100.0%
"形态: 两连阴 (-0.36%, -1.45%) | 趋势: 高于MA20 | 动量: 突破转强 (阳线上穿5/10)",1,2.74,4.38,100.0%
"形态: 两连阴 (-1.98%, -1.07%)",1,2.73,11.58,100.0%
"形态: 10日内有涨停 | 形态: 两连阴 (-3.43%, -2.09%) | 趋势: 高于MA20",1,2.72,19.03,100.0%
量能: 放量 (1.88X) | 趋势: 高于MA20 | 动量: 突破转强 (阳线上穿5/10),1,2.71,3.72,100.0%
"形态: 10日内有涨停 | 形态: 两连阴 (-4.80%, -3.95%)",1,2.62,3.86,100.0%
"形态: 两连阴 (-0.18%, -0.55%) | 趋势: 高于MA20 | 动量: 突破转强 (阳线上穿5/10)",1,2.56,3.84,100.0%
"形态: 两连阴 (-0.31%, -6.56%)",1,2.55,10.2,100.0%
"趋势: 多头排列 (5>20>60) | 形态: 两连阴 (-0.46%, -0.39%) | 趋势: 高于MA20",1,2.49,3.81,100.0%
"形态: 两连阴 (-0.36%, -1.46%) | 趋势: 高于MA20",1,2.47,4.55,100.0%
"形态: 两连阴 (-0.78%, -0.88%)",1,2.22,4.76,100.0%
量能: 放量 (2.39X) | 趋势: 高于MA20 | 动量: 突破转强 (阳线上穿5/10),1,2.09,2.18,100.0%
"形态: 10日内有涨停 | 形态: 两连阴 (-6.97%, -0.53%)",1,2.03,6.21,100.0%
量能: 放量 (2.11X) | 形态: 10日内有涨停 | 趋势: 高于MA20 | 动量: 突破转强 (阳线上穿5/10),2,2.0249999999999995,8.309999999999999,50.0%
"形态: 两连阴 (-2.63%, -0.71%) | 趋势: 高于MA20",1,1.91,13.6,100.0%
"量能: 放量 (1.56X) | 形态: 10日内有涨停 | 形态: 两连阴 (-3.34%, -1.23%) | 趋势: 高于MA20 | 动量: 突破转强 (阳线上穿5/10)",1,1.91,1.91,100.0%
趋势: 多头排列 (5>20>60) | 量能: 放量 (1.74X) | 趋势: 高于MA20 | 动量: 突破转强 (阳线上穿5/10),1,1.83,2.56,100.0%
"形态: 两连阴 (-0.21%, -0.32%) | 趋势: 高于MA20",1,1.82,2.25,100.0%
"形态: 两连阴 (-0.17%, -0.66%) | 趋势: 高于MA20 | 动量: 突破转强 (阳线上穿5/10)",1,1.81,3.13,100.0%
"形态: 两连阴 (-10.03%, -4.91%)",1,1.81,2.12,100.0%
"形态: 10日内有涨停 | 形态: 两连阴 (-10.00%, -0.46%)",1,1.78,1.78,100.0%
趋势: 多头排列 (5>20>60) | 量能: 放量 (1.55X) | 形态: 10日内有涨停 | 趋势: 高于MA20 | 动量: 突破转强 (阳线上穿5/10),1,1.75,6.99,100.0%
"形态: 两连阴 (-1.44%, -1.03%)",1,1.74,2.7,100.0%
"形态: 两连阴 (-3.44%, -10.05%)",1,1.69,1.69,100.0%
"形态: 两连阴 (-0.29%, -0.30%) | 趋势: 高于MA20 | 动量: 突破转强 (阳线上穿5/10)",1,1.62,3.1,100.0%
"量能: 放量 (2.02X) | 形态: 两连阴 (-1.12%, -0.45%) | 趋势: 高于MA20 | 动量: 突破转强 (阳线上穿5/10)",1,1.57,2.46,100.0%
"形态: 两连阴 (-0.70%, -0.70%)",1,1.41,3.76,100.0%
量能: 放量 (1.54X) | 形态: 10日内有涨停 | 趋势: 高于MA20 | 动量: 突破转强 (阳线上穿5/10),2,1.38,6.06,50.0%
"形态: 两连阴 (-0.19%, -0.68%) | 趋势: 高于MA20 | 动量: 突破转强 (阳线上穿5/10)",1,1.25,3.57,100.0%
"形态: 两连阴 (-0.25%, -0.25%) | 趋势: 高于MA20",1,1.25,1.38,100.0%
"形态: 两连阴 (-0.87%, -0.70%) | 趋势: 高于MA20 | 动量: 突破转强 (阳线上穿5/10)",1,1.22,2.79,100.0%
"形态: 两连阴 (-5.98%, -0.91%)",1,1.22,2.61,100.0%
量能: 放量 (1.79X) | 趋势: 高于MA20 | 动量: 突破转强 (阳线上穿5/10),1,1.13,2.47,100.0%
"形态: 两连阴 (-0.57%, -0.29%) | 趋势: 高于MA20 | 动量: 突破转强 (阳线上穿5/10)",1,1.13,3.68,100.0%
"形态: 两连阴 (-0.68%, -0.45%) | 趋势: 高于MA20 | 动量: 突破转强 (阳线上穿5/10)",1,1.13,3.39,100.0%
"形态: 两连阴 (-0.20%, -0.33%) | 趋势: 高于MA20 | 动量: 突破转强 (阳线上穿5/10)",1,0.86,2.31,100.0%
"形态: 两连阴 (-0.49%, -0.74%) | 趋势: 高于MA20 | 动量: 突破转强 (阳线上穿5/10)",1,0.86,2.22,100.0%
趋势: 多头排列 (5>20>60),2,0.8500000000000001,1.7999999999999998,100.0%
量能: 放量 (3.36X) | 趋势: 高于MA20 | 动量: 突破转强 (阳线上穿5/10),1,0.82,3.89,100.0%
"形态: 两连阴 (-9.77%, -0.42%)",1,0.82,11.68,100.0%
"趋势: 多头排列 (5>20>60) | 形态: 两连阴 (-1.20%, -2.65%)",1,0.8,7.43,100.0%
"形态: 两连阴 (-1.60%, -0.19%) | 趋势: 高于MA20",1,0.77,2.12,100.0%
"趋势: 多头排列 (5>20>60) | 形态: 两连阴 (-1.42%, -1.30%)",1,0.74,2.38,100.0%
"形态: 两连阴 (-0.91%, -0.92%)",1,0.7,2.8,100.0%
"形态: 两连阴 (-0.54%, -0.16%) | 趋势: 高于MA20 | 动量: 突破转强 (阳线上穿5/10)",1,0.69,3.14,100.0%
"形态: 两连阴 (-1.94%, -1.98%)",1,0.69,2.87,100.0%
"形态: 两连阴 (-2.89%, -2.64%)",1,0.68,3.81,100.0%
"形态: 两连阴 (-1.17%, -0.68%) | 趋势: 高于MA20 | 动量: 突破转强 (阳线上穿5/10)",1,0.68,3.05,100.0%
"趋势: 多头排列 (5>20>60) | 形态: 两连阴 (-0.62%, -1.24%)",1,0.64,1.92,100.0%
趋势: 高于MA20,196,0.6303061224489795,3.822397959183674,47.45%
形态: 10日内有涨停 | 趋势: 高于MA20,38,0.545,5.144473684210527,57.89%
"形态: 两连阴 (-1.25%, -0.54%) | 趋势: 高于MA20 | 动量: 突破转强 (阳线上穿5/10)",1,0.54,2.16,100.0%
"形态: 两连阴 (-1.35%, -0.17%) | 趋势: 高于MA20",1,0.52,2.24,100.0%
量能: 放量 (1.58X) | 形态: 10日内有涨停 | 趋势: 高于MA20,1,0.5,6.78,100.0%
"形态: 两连阴 (-3.79%, -0.21%)",1,0.5,3.42,100.0%
量能: 放量 (2.11X) | 趋势: 高于MA20 | 动量: 突破转强 (阳线上穿5/10),1,0.46,7.06,100.0%
量能: 放量 (2.09X) | 趋势: 高于MA20 | 动量: 突破转强 (阳线上穿5/10),1,0.46,4.89,100.0%
"形态: 两连阴 (-0.91%, -0.26%) | 趋势: 高于MA20",1,0.4,1.99,100.0%
"形态: 两连阴 (-1.65%, -0.21%) | 趋势: 高于MA20",1,0.32,2.95,100.0%
"形态: 两连阴 (-0.47%, -0.16%) | 趋势: 高于MA20 | 动量: 突破转强 (阳线上穿5/10)",1,0.31,2.02,100.0%
"趋势: 多头排列 (5>20>60) | 形态: 10日内有涨停 | 形态: 两连阴 (-1.93%, -3.43%) | 趋势: 高于MA20 | 动量: 突破转强 (阳线上穿5/10)",1,0.29,0.95,100.0%
"形态: 10日内有涨停 | 形态: 两连阴 (-0.64%, -0.65%) | 趋势: 高于MA20",1,0.22,3.94,100.0%
"形态: 两连阴 (-2.05%, -0.75%)",1,0.16,0.92,100.0%
"形态: 两连阴 (-0.13%, -0.79%) | 趋势: 高于MA20",1,0.13,2.12,100.0%
"形态: 两连阴 (-0.50%, -0.25%) | 趋势: 高于MA20",1,0.13,1.26,100.0%
"形态: 两连阴 (-1.69%, -0.57%) | 趋势: 高于MA20",1,0.12,5.68,100.0%
"形态: 两连阴 (-1.37%, -0.46%) | 趋势: 高于MA20",1,0.0,1.18,0.0%
"形态: 两连阴 (-3.52%, -0.73%)",1,0.0,7.52,0.0%
"形态: 两连阴 (-0.51%, -1.31%) | 趋势: 高于MA20",1,0.0,3.19,0.0%
"形态: 两连阴 (-3.81%, -2.21%)",1,0.0,9.7,0.0%
"形态: 两连阴 (-1.45%, -0.92%) | 趋势: 高于MA20",1,0.0,1.31,0.0%
"形态: 两连阴 (-0.37%, -0.56%) | 趋势: 高于MA20",1,0.0,3.01,0.0%
量能: 放量 (2.00X) | 趋势: 高于MA20 | 动量: 突破转强 (阳线上穿5/10),2,0.0,3.5349999999999997,50.0%
"形态: 两连阴 (-7.61%, -0.98%)",1,0.0,0.6,0.0%
"形态: 两连阴 (-1.24%, -0.10%) | 趋势: 高于MA20",1,0.0,2.44,0.0%
"形态: 两连阴 (-0.67%, -3.80%)",1,0.0,5.29,0.0%
"形态: 两连阴 (-1.30%, -0.44%) | 趋势: 高于MA20 | 动量: 突破转强 (阳线上穿5/10)",1,0.0,3.08,0.0%
"形态: 10日内有涨停 | 形态: 两连阴 (-1.24%, -0.47%) | 趋势: 高于MA20",1,-0.08,2.83,0.0%
"形态: 两连阴 (-1.94%, -0.27%) | 趋势: 高于MA20",1,-0.09,2.18,0.0%
"形态: 两连阴 (-0.89%, -0.75%) | 趋势: 高于MA20",1,-0.15,1.96,0.0%
"形态: 两连阴 (-0.50%, -0.25%) | 趋势: 高于MA20 | 动量: 突破转强 (阳线上穿5/10)",1,-0.25,1.0,0.0%
量能: 放量 (2.38X) | 趋势: 高于MA20 | 动量: 突破转强 (阳线上穿5/10),1,-0.32,2.11,0.0%
"形态: 两连阴 (-1.30%, -3.48%)",1,-0.36,1.43,0.0%
"形态: 两连阴 (-0.76%, -0.58%) | 趋势: 高于MA20",1,-0.39,2.92,0.0%
"形态: 两连阴 (-1.07%, -0.14%) | 趋势: 高于MA20",1,-0.41,1.5,0.0%
"形态: 两连阴 (-3.45%, -0.27%) | 趋势: 高于MA20 | 动量: 突破转强 (阳线上穿5/10)",1,-0.44,2.12,0.0%
"形态: 10日内有涨停 | 形态: 两连阴 (-10.03%, -10.04%)",1,-0.49,2.19,0.0%
"形态: 两连阴 (-6.07%, -1.13%)",1,-0.54,2.34,0.0%
量能: 放量 (2.53X) | 趋势: 高于MA20 | 动量: 突破转强 (阳线上穿5/10),1,-0.57,5.89,0.0%
"趋势: 多头排列 (5>20>60) | 形态: 两连阴 (-1.87%, -0.56%)",1,-0.58,1.87,0.0%
量能: 放量 (1.93X) | 形态: 10日内有涨停 | 趋势: 高于MA20 | 动量: 突破转强 (阳线上穿5/10),1,-0.65,4.85,0.0%
"趋势: 多头排列 (5>20>60) | 形态: 两连阴 (-0.27%, -0.80%) | 趋势: 高于MA20",1,-0.71,1.07,0.0%
"形态: 两连阴 (-1.03%, -1.34%) | 趋势: 高于MA20",1,-0.74,1.93,0.0%
"趋势: 多头排列 (5>20>60) | 形态: 两连阴 (-3.33%, -0.31%) | 趋势: 高于MA20",1,-0.77,3.56,0.0%
"趋势: 多头排列 (5>20>60) | 形态: 两连阴 (-2.19%, -0.69%)",1,-0.87,1.05,0.0%
"形态: 两连阴 (-1.90%, -2.23%) | 趋势: 高于MA20",1,-0.9,4.07,0.0%
"形态: 两连阴 (-1.79%, -0.91%)",1,-0.92,2.41,0.0%
"形态: 两连阴 (-0.97%, -0.73%) | 趋势: 高于MA20 | 动量: 突破转强 (阳线上穿5/10)",1,-0.97,1.46,0.0%
"形态: 两连阴 (-0.19%, -1.15%) | 趋势: 高于MA20",1,-0.97,1.36,0.0%
"形态: 10日内有涨停 | 形态: 两连阴 (-2.81%, -1.26%) | 趋势: 高于MA20",1,-1.05,9.68,0.0%
量能: 放量 (1.54X) | 形态: 10日内有涨停 | 动量: 突破转强 (阳线上穿5/10),1,-1.13,3.89,0.0%
"形态: 两连阴 (-1.98%, -0.29%) | 趋势: 高于MA20",1,-1.17,1.17,0.0%
"形态: 两连阴 (-1.27%, -0.13%) | 趋势: 高于MA20",1,-1.18,3.79,0.0%
"形态: 两连阴 (-1.07%, -0.90%) | 趋势: 高于MA20 | 动量: 突破转强 (阳线上穿5/10)",1,-1.26,1.54,0.0%
量能: 放量 (1.61X) | 趋势: 高于MA20 | 动量: 突破转强 (阳线上穿5/10),1,-1.27,-0.59,0.0%
"形态: 两连阴 (-0.14%, -1.51%) | 趋势: 高于MA20",1,-1.39,1.67,0.0%
"形态: 两连阴 (-0.44%, -0.11%) | 趋势: 高于MA20 | 动量: 突破转强 (阳线上穿5/10)",1,-1.42,3.38,0.0%
"形态: 两连阴 (-1.61%, -0.23%)",1,-1.43,0.24,0.0%
"形态: 两连阴 (-0.86%, -1.11%)",1,-1.48,0.74,0.0%
"趋势: 多头排列 (5>20>60) | 形态: 两连阴 (-0.67%, -1.46%) | 趋势: 高于MA20",1,-1.49,2.53,0.0%
"形态: 两连阴 (-0.15%, -1.06%) | 趋势: 高于MA20",1,-1.55,8.2,0.0%
"形态: 两连阴 (-4.31%, -0.47%) | 趋势: 高于MA20",1,-1.58,2.29,0.0%
"形态: 两连阴 (-0.63%, -0.64%) | 趋势: 高于MA20",1,-1.6,1.6,0.0%
"形态: 两连阴 (-0.52%, -1.75%) | 趋势: 高于MA20",1,-1.61,2.86,0.0%
"形态: 两连阴 (-10.00%, -6.26%)",1,-1.65,-1.65,0.0%
"形态: 两连阴 (-0.70%, -0.47%) | 趋势: 高于MA20",1,-1.66,1.18,0.0%
"形态: 两连阴 (-6.65%, -1.12%) | 趋势: 高于MA20",1,-1.73,2.77,0.0%
"趋势: 多头排列 (5>20>60) | 形态: 两连阴 (-1.35%, -1.12%) | 趋势: 高于MA20 | 动量: 突破转强 (阳线上穿5/10)",1,-1.73,1.48,0.0%
"趋势: 多头排列 (5>20>60) | 形态: 两连阴 (-1.72%, -0.81%)",1,-1.79,2.34,0.0%
量能: 放量 (2.15X) | 形态: 10日内有涨停 | 趋势: 高于MA20,1,-1.79,8.21,0.0%
"形态: 两连阴 (-1.29%, -1.88%)",1,-1.81,0.35,0.0%
量能: 放量 (1.62X) | 形态: 10日内有涨停 | 趋势: 高于MA20,1,-1.89,1.68,0.0%
"形态: 两连阴 (-2.30%, -0.78%) | 趋势: 高于MA20",1,-1.99,0.0,0.0%
"形态: 10日内有涨停 | 形态: 两连阴 (-10.00%, -9.99%)",1,-2.04,-2.04,0.0%
"形态: 两连阴 (-0.28%, -0.85%) | 趋势: 高于MA20",1,-2.13,0.14,0.0%
"形态: 两连阴 (-5.94%, -0.27%)",1,-2.18,1.22,0.0%
"形态: 两连阴 (-1.31%, -0.74%) | 趋势: 高于MA20",1,-2.23,0.89,0.0%
趋势: 多头排列 (5>20>60) | 趋势: 高于MA20 | 动量: 突破转强 (阳线上穿5/10),8,-2.23625,2.71625,25.0%
"形态: 两连阴 (-0.21%, -0.42%) | 趋势: 高于MA20 | 动量: 突破转强 (阳线上穿5/10)",1,-2.29,0.83,0.0%
"趋势: 多头排列 (5>20>60) | 形态: 两连阴 (-3.44%, -0.59%) | 趋势: 高于MA20",1,-2.41,-1.2,0.0%
量能: 放量 (1.59X) | 趋势: 高于MA20 | 动量: 突破转强 (阳线上穿5/10),1,-2.45,-0.49,0.0%
"形态: 两连阴 (-2.20%, -0.88%) | 趋势: 高于MA20",1,-2.48,0.0,0.0%
量能: 放量 (1.53X) | 形态: 10日内有涨停 | 趋势: 高于MA20 | 动量: 突破转强 (阳线上穿5/10),1,-2.49,0.44,0.0%
"形态: 两连阴 (-0.64%, -0.11%) | 趋势: 高于MA20",1,-2.61,-0.33,0.0%
"形态: 10日内有涨停 | 形态: 两连阴 (-4.87%, -0.67%)",1,-2.64,0.95,0.0%
"形态: 两连阴 (-5.57%, -7.08%)",1,-2.84,0.78,0.0%
"形态: 两连阴 (-1.72%, -0.22%) | 趋势: 高于MA20",1,-2.87,0.66,0.0%
"量能: 放量 (1.56X) | 形态: 10日内有涨停 | 形态: 两连阴 (-0.18%, -2.68%)",1,-2.89,10.03,0.0%
"趋势: 多头排列 (5>20>60) | 形态: 两连阴 (-1.34%, -0.41%) | 趋势: 高于MA20",1,-2.9,1.38,0.0%
"形态: 10日内有涨停 | 形态: 两连阴 (-1.86%, -0.44%) | 趋势: 高于MA20 | 动量: 突破转强 (阳线上穿5/10)",1,-2.93,11.17,0.0%
"形态: 两连阴 (-1.27%, -2.94%)",1,-3.17,0.63,0.0%
"形态: 两连阴 (-1.44%, -0.73%) | 趋势: 高于MA20",1,-3.19,0.0,0.0%
"形态: 两连阴 (-1.03%, -2.34%)",1,-3.22,0.0,0.0%
量能: 放量 (1.66X) | 形态: 10日内有涨停 | 趋势: 高于MA20,1,-3.23,1.75,0.0%
"形态: 两连阴 (-2.96%, -2.15%) | 趋势: 高于MA20",1,-3.25,0.46,0.0%
"形态: 两连阴 (-9.96%, -0.80%)",1,-3.25,1.12,0.0%
"形态: 两连阴 (-0.60%, -0.40%) | 趋势: 高于MA20",1,-3.29,-0.41,0.0%
趋势: 多头排列 (5>20>60) | 形态: 10日内有涨停 | 趋势: 高于MA20,10,-3.3289999999999997,3.5050000000000003,40.0%
量能: 放量 (1.70X) | 趋势: 高于MA20 | 动量: 突破转强 (阳线上穿5/10),3,-3.3800000000000003,2.2866666666666666,0.0%
"形态: 两连阴 (-1.07%, -0.76%) | 趋势: 高于MA20",1,-3.47,0.0,0.0%
"形态: 两连阴 (-0.43%, -2.18%) | 趋势: 高于MA20",1,-3.61,0.6,0.0%
量能: 放量 (2.28X) | 趋势: 高于MA20 | 动量: 突破转强 (阳线上穿5/10),1,-3.64,0.71,0.0%
"形态: 两连阴 (-0.57%, -0.86%) | 趋势: 高于MA20",1,-3.73,0.39,0.0%
"形态: 两连阴 (-1.38%, -0.35%) | 趋势: 高于MA20",1,-3.9,0.0,0.0%
"形态: 两连阴 (-0.98%, -2.15%) | 趋势: 高于MA20",1,-3.92,0.34,0.0%
量能: 放量 (1.90X) | 趋势: 高于MA20 | 动量: 突破转强 (阳线上穿5/10),1,-3.96,8.11,0.0%
量能: 放量 (1.60X),1,-4.17,9.54,0.0%
"量能: 放量 (1.58X) | 形态: 两连阴 (-0.83%, -0.14%) | 趋势: 高于MA20 | 动量: 突破转强 (阳线上穿5/10)",1,-4.18,-0.28,0.0%
趋势: 多头排列 (5>20>60) | 量能: 放量 (1.60X) | 趋势: 高于MA20 | 动量: 突破转强 (阳线上穿5/10),1,-4.19,2.89,0.0%
"趋势: 多头排列 (5>20>60) | 形态: 两连阴 (-1.16%, -2.81%) | 趋势: 高于MA20",1,-4.32,13.03,0.0%
趋势: 多头排列 (5>20>60) | 趋势: 高于MA20,17,-4.397058823529412,-0.2299999999999999,29.41%
"形态: 10日内有涨停 | 形态: 两连阴 (-6.88%, -0.67%) | 趋势: 高于MA20",1,-4.45,13.36,0.0%
"形态: 两连阴 (-1.09%, -0.27%) | 趋势: 高于MA20",1,-4.48,-0.28,0.0%
"形态: 两连阴 (-2.78%, -0.67%) | 趋势: 高于MA20",1,-4.61,0.96,0.0%
量能: 放量 (1.54X),1,-4.66,0.87,0.0%
"形态: 两连阴 (-7.14%, -4.83%)",1,-4.7,1.05,0.0%
量能: 放量 (1.63X) | 趋势: 高于MA20 | 动量: 突破转强 (阳线上穿5/10),1,-5.0,-2.73,0.0%
"形态: 10日内有涨停 | 形态: 两连阴 (-7.43%, -0.14%) | 趋势: 高于MA20 | 动量: 突破转强 (阳线上穿5/10)",1,-5.51,-0.13,0.0%
"形态: 10日内有涨停 | 形态: 两连阴 (-0.63%, -0.38%) | 趋势: 高于MA20 | 动量: 突破转强 (阳线上穿5/10)",1,-5.54,-0.49,0.0%
"形态: 两连阴 (-9.97%, -7.62%)",1,-5.81,-5.41,0.0%
"形态: 两连阴 (-4.48%, -0.91%)",1,-6.37,9.96,0.0%
"形态: 两连阴 (-0.97%, -0.39%) | 趋势: 高于MA20 | 动量: 突破转强 (阳线上穿5/10)",1,-6.43,-0.76,0.0%
"形态: 两连阴 (-7.18%, -2.39%)",1,-6.49,-3.66,0.0%
趋势: 多头排列 (5>20>60) | 量能: 放量 (1.69X) | 趋势: 高于MA20,1,-6.57,-1.0,0.0%
"形态: 10日内有涨停 | 形态: 两连阴 (-4.75%, -6.01%)",1,-6.69,-0.89,0.0%
"形态: 两连阴 (-3.85%, -3.92%)",1,-6.76,-1.33,0.0%
"量能: 放量 (2.07X) | 形态: 10日内有涨停 | 形态: 两连阴 (-0.21%, -1.28%) | 趋势: 高于MA20 | 动量: 突破转强 (阳线上穿5/10)",1,-6.89,0.2,0.0%
量能: 放量 (1.69X) | 趋势: 高于MA20 | 动量: 突破转强 (阳线上穿5/10),3,-7.170000000000001,-1.0266666666666666,0.0%
"形态: 10日内有涨停 | 形态: 两连阴 (-0.75%, -1.42%)",1,-7.24,1.95,0.0%
"形态: 两连阴 (-1.45%, -0.73%)",1,-7.5,1.33,0.0%
"形态: 10日内有涨停 | 形态: 两连阴 (-9.97%, -9.00%)",1,-7.69,3.04,0.0%
量能: 放量 (2.38X) | 形态: 10日内有涨停 | 趋势: 高于MA20 | 动量: 突破转强 (阳线上穿5/10),1,-7.86,3.82,0.0%
量能: 放量 (1.97X) | 形态: 10日内有涨停 | 趋势: 高于MA20 | 动量: 突破转强 (阳线上穿5/10),1,-8.09,-1.69,0.0%
"形态: 10日内有涨停 | 形态: 两连阴 (-2.37%, -0.30%) | 趋势: 高于MA20",1,-8.32,-2.84,0.0%
趋势: 多头排列 (5>20>60) | 量能: 放量 (1.90X) | 形态: 10日内有涨停 | 趋势: 高于MA20 | 动量: 突破转强 (阳线上穿5/10),1,-8.38,6.01,0.0%
"形态: 两连阴 (-3.34%, -2.53%)",1,-8.49,-4.07,0.0%
"形态: 10日内有涨停 | 形态: 两连阴 (-8.29%, -9.60%)",1,-8.57,-2.24,0.0%
"形态: 10日内有涨停 | 形态: 两连阴 (-9.00%, -3.53%)",1,-8.97,-3.34,0.0%
"形态: 10日内有涨停 | 形态: 两连阴 (-9.98%, -9.98%)",1,-9.24,-7.07,0.0%
"形态: 两连阴 (-5.66%, -0.67%)",1,-9.52,-0.82,0.0%
"形态: 两连阴 (-0.55%, -1.80%)",1,-9.94,3.12,0.0%
趋势: 多头排列 (5>20>60) | 形态: 10日内有涨停,4,-10.100000000000001,2.27,25.0%
"形态: 两连阴 (-9.99%, -1.48%)",1,-11.53,-6.49,0.0%
"趋势: 多头排列 (5>20>60) | 量能: 放量 (1.57X) | 形态: 10日内有涨停 | 形态: 两连阴 (-1.05%, -2.42%) | 趋势: 高于MA20 | 动量: 突破转强 (阳线上穿5/10)",1,-11.86,-0.28,0.0%
"形态: 两连阴 (-10.01%, -9.26%)",1,-12.45,6.28,0.0%
"形态: 10日内有涨停 | 形态: 两连阴 (-9.99%, -0.07%)",1,-15.92,-5.66,0.0%
"趋势: 多头排列 (5>20>60) | 形态: 10日内有涨停 | 形态: 两连阴 (-4.78%, -1.58%)",1,-16.04,-3.97,0.0%
趋势: 多头排列 (5>20>60) | 量能: 放量 (1.77X),1,-16.3,-10.01,0.0%
"形态: 两连阴 (-0.04%, -3.07%)",1,-19.33,4.99,0.0%
"形态: 10日内有涨停 | 形态: 两连阴 (-1.93%, -1.43%) | 趋势: 高于MA20 | 动量: 突破转强 (阳线上穿5/10)",1,-20.55,3.25,0.0%
"量能: 放量 (4.86X) | 形态: 两连阴 (-10.14%, -10.12%)",1,-23.92,21.05,0.0%
