代码,名称,信号日期,选股逻辑,初始价,当前价,累计涨跌%,3天胜,7天胜,至今胜
601162,天风证券,2025-12-19,筑底,4.21,4.24,0.71,0,1,1
603867,新化股份,2025-12-19,筑底,24.85,25.1,1.01,0,1,1
603255,鼎际得,2025-12-19,超跌+筑底,29.5,29.56,0.2,1,1,1
600779,水井坊,2025-12-19,筑底+放量,36.56,39.8,8.86,0,1,1
002062,宏润建设,2025-12-19,筑底,9.12,9.12,0.0,0,0,0
000831,中国稀土,2025-12-19,常规,45.15,46.48,2.95,1,1,1
002145,钛能化学,2025-12-19,常规,4.87,4.91,0.82,1,1,1
603786,科博达,2025-12-19,放量,72.72,75.81,4.25,0,1,1
603722,阿科力,2025-12-19,超跌+筑底,37.19,37.8,1.64,0,1,1
603630,拉芳家化,2025-12-19,常规,20.61,20.23,-1.84,0,0,0
605588,冠石科技,2025-12-19,常规,49.37,52.0,5.33,1,1,1
603086,先达股份,2025-12-19,常规,8.17,8.26,1.1,1,1,1
600422,昆药集团,2025-12-19,超跌+筑底,12.46,12.66,1.61,0,1,1
603859,能科科技,2025-12-19,常规,39.26,39.36,0.25,0,1,1
002542,中化岩土,2025-12-19,筑底,3.38,3.41,0.89,0,1,1
302132,中航成飞,2025-12-19,常规,76.69,78.65,2.56,0,1,1
605259,绿田机械,2025-12-19,常规,21.43,22.42,4.62,1,1,1
000002,万  科Ａ,2025-12-12,常规,5.02,4.79,-4.58,0,0,0
000029,深深房Ａ,2025-12-12,常规,23.3,23.1,-0.86,0,1,0
600325,华发股份,2025-12-12,筑底+放量,4.41,4.34,-1.59,0,0,0
600048,保利发展,2025-12-12,筑底,6.42,6.26,-2.49,0,0,0
605377,华旺科技,2025-12-12,超跌+筑底+放量,7.76,8.7,12.11,1,1,1
002180,纳思达,2025-12-12,放量,18.62,19.39,4.14,1,1,1
600985,淮北矿业,2025-12-12,超跌+筑底+放量,11.35,11.25,-0.88,0,1,0
600079,人福医药,2025-12-12,超跌+筑底,18.15,18.85,3.86,0,1,1
600548,深高速,2025-12-12,超跌+筑底+放量,8.88,8.92,0.45,1,1,1
002017,东信和平,2025-12-12,常规,20.91,21.6,3.3,1,1,1
600395,盘江股份,2025-12-12,超跌+筑底,4.62,4.75,2.81,0,1,1
600976,健民集团,2025-12-12,超跌+筑底+放量,35.2,35.5,0.85,0,1,1
600967,内蒙一机,2025-12-12,筑底+放量,16.42,16.34,-0.49,0,0,0
000932,华菱钢铁,2025-12-12,超跌+筑底+放量,5.37,5.65,5.21,0,1,1
601865,福莱特,2025-12-12,筑底+放量,15.57,16.05,3.08,0,1,1
001289,龙源电力,2025-12-12,超跌+筑底+放量,15.33,15.29,-0.26,0,0,0
000524,岭南控股,2025-12-12,常规,12.02,12.28,2.16,0,1,1
000995,皇台酒业,2025-12-12,常规,12.27,12.96,5.62,1,1,1
002867,周大生,2025-12-12,超跌+筑底+放量,11.95,12.21,2.18,0,1,1
603806,福斯特,2025-12-12,放量,13.87,14.05,1.3,0,0,1
600007,中国国贸,2025-12-12,超跌+筑底+放量,18.76,19.53,4.1,1,1,1
600500,中化国际,2025-12-12,筑底,3.84,3.96,3.13,0,1,1
601216,君正集团,2025-12-12,筑底,4.74,4.83,1.9,1,1,1
605050,福然德,2025-12-02,放量,13.3,13.26,-0.3,0,0,0
603275,众辰科技,2025-12-03,常规,40.99,42.61,3.95,1,1,1
603486,科沃斯,2025-12-02,常规,77.93,80.98,3.91,1,1,1
603950,长源东谷,2025-12-03,常规,29.86,29.84,-0.07,1,0,0
605198,安德利,2025-12-03,常规,38.96,36.66,-5.9,1,0,0
600498,烽火通信,2025-12-03,常规,22.72,27.87,22.67,1,1,1
002025,航天电器,2025-12-03,放量,41.82,47.87,14.47,1,1,1
002543,万和电气,2025-12-03,超跌+筑底,10.6,10.08,-4.91,0,0,0
603266,天龙股份,2025-12-03,常规,20.45,22.16,8.36,0,1,1
600650,锦江在线,2025-12-03,常规,14.25,15.75,10.53,1,1,1
600436,片仔癀,2025-12-03,超跌+筑底+放量,171.48,170.24,-0.72,0,1,0
002423,中粮资本,2025-12-03,筑底+放量,11.75,11.84,0.77,1,0,1
000818,航锦科技,2025-12-03,常规,20.41,19.18,-6.03,0,0,0
603093,南华期货,2025-12-03,常规,18.88,19.02,0.74,1,1,1
601618,中国中冶,2025-12-02,常规,3.24,2.98,-8.02,1,0,0
605050,福然德,2025-12-02,放量,13.3,13.26,-0.3,0,0,0
603009,北特科技,2025-12-02,常规,40.36,43.58,7.98,1,1,1
603486,科沃斯,2025-12-02,常规,77.93,80.98,3.91,1,1,1
002180,纳思达,2025-12-02,筑底,18.67,19.39,3.86,0,1,1
600446,金证股份,2025-12-02,常规,15.67,15.75,0.51,0,1,1
603444,吉比特,2025-12-02,常规,437.74,436.78,-0.22,0,1,0
002674,兴业科技,2025-12-02,常规,12.96,13.87,7.02,0,1,1
603701,德宏股份,2025-11-28,缩量,17.55,20.58,17.26,1,1,1
601098,中南传媒,2025-12-02,超跌+筑底,11.17,11.12,-0.45,0,1,0
002025,航天电器,2025-12-02,放量,42.6,47.87,12.37,1,1,1
601618,中国中冶,2025-12-02,常规,3.24,2.98,-8.02,1,0,0
603867,新化股份,2025-12-17,超跌+筑底,24.14,25.1,3.98,1,1,1
002869,金溢科技,2025-12-17,筑底+放量,22.87,24.15,5.6,1,1,1
601127,赛力斯,2025-12-17,常规,121.55,119.11,-2.01,0,0,0
000677,恒天海龙,2025-12-17,超跌+筑底,4.05,4.5,11.11,1,1,1
000661,长春高新,2025-12-17,筑底,95.31,94.57,-0.78,1,0,0
002456,欧菲光,2025-12-17,超跌+筑底,10.47,10.65,1.72,1,1,1
600094,大名城,2025-12-17,筑底,4.06,4.33,6.65,1,1,1
002616,长青集团,2025-12-17,超跌+筑底,5.45,5.53,1.47,1,1,1
002568,百润股份,2025-12-17,筑底,21.53,21.6,0.33,1,1,1
002365,永安药业,2025-12-17,超跌+筑底,14.95,15.19,1.61,1,1,1
000819,岳阳兴长,2025-12-17,超跌+筑底,15.66,16.53,5.56,1,1,1
000710,贝瑞基因,2025-12-17,筑底+放量,11.31,11.35,0.35,1,1,1
002640,跨境通,2025-12-17,超跌,4.34,4.76,9.68,1,1,1
600845,宝信软件,2025-12-17,超跌+筑底,20.03,20.34,1.55,1,1,1
600079,人福医药,2025-12-17,放量,18.1,18.85,4.14,1,1,1
600548,深高速,2025-12-17,超跌+筑底,8.88,8.92,0.45,0,1,1
600316,洪都航空,2025-12-17,超跌+筑底,30.51,32.33,5.97,1,1,1
605378,野马电池,2025-12-17,常规,22.55,22.93,1.69,0,1,1
002179,中航光电,2025-12-17,常规,32.88,34.89,6.11,1,1,1
603848,好太太,2025-12-17,筑底+放量,18.87,18.28,-3.13,1,0,0
603117,万林物流,2025-12-17,超跌+筑底,4.75,4.84,1.89,1,1,1
002951,金时科技,2025-12-17,超跌+筑底,13.0,16.07,23.62,1,1,1
603818,曲美家居,2025-12-17,超跌+筑底,3.55,3.65,2.82,1,1,1
002017,东信和平,2025-12-17,放量,20.9,21.6,3.35,1,1,1
002530,金财互联,2025-12-17,放量,9.8,10.32,5.31,1,1,1
000617,中油资本,2025-12-17,常规,9.06,9.54,5.3,1,1,1
605286,同力日升,2025-12-17,超跌+筑底+放量,37.68,38.03,0.93,0,1,1
002674,兴业科技,2025-12-17,常规,12.92,13.87,7.35,1,1,1
000702,正虹科技,2025-12-17,超跌+筑底+放量,6.56,6.67,1.68,1,1,1
600560,金自天正,2025-12-17,超跌+筑底,15.55,16.01,2.96,1,1,1
603605,珀莱雅,2025-12-17,筑底,67.78,67.88,0.15,1,1,1
002037,保利联合,2025-12-17,筑底+放量,9.39,9.63,2.56,1,1,1
002959,小熊电器,2025-12-17,常规,42.93,42.78,-0.35,1,0,0
600749,西藏旅游,2025-12-17,筑底,16.86,16.96,0.59,1,1,1
003040,楚天龙,2025-12-17,放量,18.34,19.34,5.45,0,1,1
600178,东安动力,2025-12-17,超跌,11.6,11.96,3.1,1,1,1
002324,普利特,2025-12-17,筑底,12.34,14.81,20.02,1,1,1
000401,金隅冀东,2025-12-17,常规,4.45,4.48,0.67,1,1,1
601718,际华集团,2025-12-17,超跌+筑底,3.33,3.4,2.1,1,1,1
601162,天风证券,2025-12-19,筑底,4.21,4.24,0.71,0,1,1
603867,新化股份,2025-12-19,筑底,24.85,25.1,1.01,0,1,1
603255,鼎际得,2025-12-19,超跌+筑底,29.5,29.56,0.2,1,1,1
600779,水井坊,2025-12-19,筑底+放量,36.56,39.8,8.86,0,1,1
002062,宏润建设,2025-12-19,筑底,9.12,9.12,0.0,0,0,0
000831,中国稀土,2025-12-19,常规,45.15,46.48,2.95,1,1,1
002145,钛能化学,2025-12-19,常规,4.87,4.91,0.82,1,1,1
603786,科博达,2025-12-19,放量,72.72,75.81,4.25,0,1,1
603722,阿科力,2025-12-19,超跌+筑底,37.19,37.8,1.64,0,1,1
603630,拉芳家化,2025-12-19,常规,20.61,20.23,-1.84,0,0,0
605588,冠石科技,2025-12-19,常规,49.37,52.0,5.33,1,1,1
603086,先达股份,2025-12-19,常规,8.17,8.26,1.1,1,1,1
600422,昆药集团,2025-12-19,超跌+筑底,12.46,12.66,1.61,0,1,1
603859,能科科技,2025-12-19,常规,39.26,39.36,0.25,0,1,1
002542,中化岩土,2025-12-19,筑底,3.38,3.41,0.89,0,1,1
302132,中航成飞,2025-12-19,常规,76.69,78.65,2.56,0,1,1
605259,绿田机械,2025-12-19,常规,21.43,22.42,4.62,1,1,1
603867,新化股份,2025-12-17,超跌+筑底,24.14,25.1,3.98,1,1,1
002869,金溢科技,2025-12-17,筑底+放量,22.87,24.15,5.6,1,1,1
601127,赛力斯,2025-12-17,常规,121.55,119.11,-2.01,0,0,0
000661,长春高新,2025-12-18,常规,95.36,94.57,-0.83,0,0,0
002456,欧菲光,2025-12-17,超跌+筑底,10.47,10.65,1.72,1,1,1
600094,大名城,2025-12-17,筑底,4.06,4.33,6.65,1,1,1
002616,长青集团,2025-12-17,超跌+筑底,5.45,5.53,1.47,1,1,1
002568,百润股份,2025-12-17,筑底,21.53,21.6,0.33,1,1,1
002365,永安药业,2025-12-17,超跌+筑底,14.95,15.19,1.61,1,1,1
000677,恒天海龙,2025-12-18,超跌+筑底,4.11,4.5,9.49,1,1,1
000010,美丽生态,2025-12-18,超跌+筑底,3.46,3.63,4.91,1,1,1
000819,岳阳兴长,2025-12-18,超跌+筑底,15.75,16.53,4.95,1,1,1
002640,跨境通,2025-12-17,超跌,4.34,4.76,9.68,1,1,1
600845,宝信软件,2025-12-17,超跌+筑底,20.03,20.34,1.55,1,1,1
600079,人福医药,2025-12-17,放量,18.1,18.85,4.14,1,1,1
600548,深高速,2025-12-17,超跌+筑底,8.88,8.92,0.45,0,1,1
600316,洪都航空,2025-12-17,超跌+筑底,30.51,32.33,5.97,1,1,1
605378,野马电池,2025-12-17,常规,22.55,22.93,1.69,0,1,1
603117,万林物流,2025-12-17,超跌+筑底,4.75,4.84,1.89,1,1,1
603848,好太太,2025-12-17,筑底+放量,18.87,18.28,-3.13,1,0,0
002951,金时科技,2025-12-17,超跌+筑底,13.0,16.07,23.62,1,1,1
603818,曲美家居,2025-12-17,超跌+筑底,3.55,3.65,2.82,1,1,1
002530,金财互联,2025-12-17,放量,9.8,10.32,5.31,1,1,1
002095,生 意 宝,2025-12-18,筑底,17.66,17.83,0.96,1,1,1
605286,同力日升,2025-12-17,超跌+筑底+放量,37.68,38.03,0.93,0,1,1
000628,高新发展,2025-12-18,常规,43.66,44.74,2.47,1,1,1
002674,兴业科技,2025-12-17,常规,12.92,13.87,7.35,1,1,1
600560,金自天正,2025-12-17,超跌+筑底,15.55,16.01,2.96,1,1,1
603605,珀莱雅,2025-12-17,筑底,67.78,67.88,0.15,1,1,1
002179,中航光电,2025-12-18,常规,33.47,34.89,4.24,1,1,1
002959,小熊电器,2025-12-17,常规,42.93,42.78,-0.35,1,0,0
600749,西藏旅游,2025-12-17,筑底,16.86,16.96,0.59,1,1,1
003040,楚天龙,2025-12-17,放量,18.34,19.34,5.45,0,1,1
600178,东安动力,2025-12-17,超跌,11.6,11.96,3.1,1,1,1
002324,普利特,2025-12-17,筑底,12.34,14.81,20.02,1,1,1
000045,深纺织Ａ,2025-12-18,超跌+筑底+放量,11.92,12.02,0.84,1,1,1
002037,保利联合,2025-12-18,常规,9.45,9.63,1.9,1,1,1
601718,际华集团,2025-12-17,超跌+筑底,3.33,3.4,2.1,1,1,1
603151,邦基科技,2025-12-16,超跌,17.95,18.45,2.79,0,1,1
000661,长春高新,2025-12-16,超跌+筑底+放量,95.53,94.57,-1.0,0,0,0
002869,金溢科技,2025-12-16,筑底+放量,23.29,24.15,3.69,0,1,1
601127,赛力斯,2025-12-16,放量,123.31,119.11,-3.41,0,0,0
600967,内蒙一机,2025-12-16,超跌+筑底,15.78,16.34,3.55,1,1,1
002456,欧菲光,2025-12-16,超跌+筑底,10.55,10.65,0.95,0,1,1
601865,福莱特,2025-12-16,超跌+筑底,15.17,16.05,5.8,1,1,1
600760,中航沈飞,2025-12-16,超跌+筑底,53.9,57.25,6.22,1,1,1
600094,大名城,2025-12-16,筑底+放量,4.1,4.33,5.61,0,1,1
002568,百润股份,2025-12-16,筑底,21.79,21.6,-0.87,0,0,0
600316,洪都航空,2025-12-16,超跌+筑底,30.2,32.33,7.05,1,1,1
605378,野马电池,2025-12-16,超跌+放量,22.41,22.93,2.32,0,1,1
605377,华旺科技,2025-12-16,超跌+筑底,7.83,8.7,11.11,0,1,1
002180,纳思达,2025-12-16,常规,18.75,19.39,3.41,1,1,1
002640,跨境通,2025-12-16,超跌,4.37,4.76,8.92,0,0,1
002179,中航光电,2025-12-16,常规,32.89,34.89,6.08,1,1,1
002951,金时科技,2025-12-16,超跌+筑底+放量,13.0,16.07,23.62,1,1,1
002410,广联达,2025-12-16,超跌+筑底,12.25,12.47,1.8,0,0,1
600548,深高速,2025-12-16,超跌+筑底,8.96,8.92,-0.45,0,0,0
002427,尤夫股份,2025-12-16,筑底,6.1,6.76,10.82,1,1,1
002694,顾地科技,2025-12-16,超跌+筑底,3.92,3.84,-2.04,0,0,0
603609,禾丰股份,2025-12-16,超跌+筑底,7.03,7.08,0.71,1,1,1
000628,高新发展,2025-12-16,常规,43.75,44.74,2.26,0,1,1
002857,三晖电气,2025-12-16,常规,20.09,20.8,3.53,1,1,1
600779,水井坊,2025-12-16,筑底,37.76,39.8,5.4,0,0,1
002959,小熊电器,2025-12-16,超跌+筑底+放量,42.68,42.78,0.23,1,1,1
002674,兴业科技,2025-12-16,常规,12.92,13.87,7.35,1,1,1
002541,鸿路钢构,2025-12-16,常规,16.18,16.09,-0.56,1,1,0
002867,周大生,2025-12-16,超跌+筑底,11.95,12.21,2.18,1,1,1
603767,中马传动,2025-12-16,放量,23.63,23.85,0.93,0,0,1
603818,曲美家居,2025-12-16,超跌+筑底,3.61,3.65,1.11,1,1,1
002826,易明医药,2025-12-16,超跌+筑底,17.65,18.05,2.27,1,1,1
600655,豫园股份,2025-12-16,超跌+筑底,5.14,5.3,3.11,1,1,1
601069,西部黄金,2025-12-16,常规,26.1,26.79,2.64,1,1,1
002646,天佑德酒,2025-12-16,超跌+筑底,8.84,8.87,0.34,1,1,1
601718,际华集团,2025-12-16,超跌+筑底,3.33,3.4,2.1,0,1,1
603566,普莱柯,2025-12-16,超跌+筑底,12.67,12.69,0.16,1,1,1
002664,信质集团,2025-12-04,放量,22.93,23.06,0.57,1,0,1
603009,北特科技,2025-12-04,常规,40.76,43.58,6.92,1,1,1
001212,中旗新材,2025-12-04,常规,43.72,54.23,24.04,1,1,1
603486,科沃斯,2025-12-04,放量,79.88,80.98,1.38,1,0,1
603567,珍宝岛,2025-12-04,超跌+筑底,10.06,9.73,-3.28,1,0,0
605198,安德利,2025-12-04,常规,38.78,36.66,-5.47,0,0,0
603266,天龙股份,2025-12-04,常规,20.07,22.16,10.41,1,1,1
600079,人福医药,2025-12-04,超跌+筑底,18.74,18.85,0.59,0,0,1
002403,爱仕达,2025-12-04,放量,13.08,12.35,-5.58,1,0,0
600436,片仔癀,2025-12-04,超跌+筑底,168.75,170.24,0.88,1,1,1
600405,动力源,2025-12-04,常规,5.39,5.18,-3.9,1,0,0
603590,康辰药业,2025-12-04,放量,44.96,40.46,-10.01,0,0,0
002102,能特科技,2025-12-04,超跌+筑底+放量,3.53,3.36,-4.82,1,1,0
002541,鸿路钢构,2025-12-04,超跌+筑底,16.43,16.09,-2.07,0,0,0
001395,亚联机械,2025-12-04,常规,43.87,45.38,3.44,1,1,1
601615,明阳智能,2025-12-04,常规,13.19,14.73,11.68,1,1,1
603949,雪龙集团,2025-12-04,筑底+放量,18.24,18.17,-0.38,1,0,0
002543,万和电气,2025-12-04,筑底,10.71,10.08,-5.88,0,0,0
603416,信捷电气,2025-12-04,常规,54.0,54.38,0.7,1,1,1
601162,天风证券,2025-12-19,筑底,4.21,4.24,0.71,0,1,1
603867,新化股份,2025-12-19,筑底,24.85,25.1,1.01,0,1,1
603255,鼎际得,2025-12-19,超跌+筑底,29.5,29.56,0.2,1,1,1
600779,水井坊,2025-12-19,筑底+放量,36.56,39.8,8.86,0,1,1
002062,宏润建设,2025-12-19,筑底,9.12,9.12,0.0,0,0,0
000831,中国稀土,2025-12-19,常规,45.15,46.48,2.95,1,1,1
002145,钛能化学,2025-12-19,常规,4.87,4.91,0.82,1,1,1
603786,科博达,2025-12-19,放量,72.72,75.81,4.25,0,1,1
603722,阿科力,2025-12-19,超跌+筑底,37.19,37.8,1.64,0,1,1
603630,拉芳家化,2025-12-19,常规,20.61,20.23,-1.84,0,0,0
605588,冠石科技,2025-12-19,常规,49.37,52.0,5.33,1,1,1
603086,先达股份,2025-12-19,常规,8.17,8.26,1.1,1,1,1
600422,昆药集团,2025-12-19,超跌+筑底,12.46,12.66,1.61,0,1,1
603859,能科科技,2025-12-19,常规,39.26,39.36,0.25,0,1,1
002542,中化岩土,2025-12-19,筑底,3.38,3.41,0.89,0,1,1
302132,中航成飞,2025-12-19,常规,76.69,78.65,2.56,0,1,1
605259,绿田机械,2025-12-19,常规,21.43,22.42,4.62,1,1,1
002488,金固股份,2025-12-11,放量,8.36,8.8,5.26,0,0,1
600383,金地集团,2025-12-11,筑底,3.17,3.12,-1.58,0,0,0
000002,万  科Ａ,2025-12-11,放量,5.07,4.79,-5.52,0,0,0
600375,汉马科技,2025-12-11,筑底,6.03,5.87,-2.65,0,0,0
000799,酒鬼酒,2025-12-11,筑底,54.11,57.02,5.38,1,1,1
600079,人福医药,2025-12-11,超跌+筑底,17.73,18.85,6.32,0,1,1
600048,保利发展,2025-12-11,筑底,6.42,6.26,-2.49,0,0,0
600325,华发股份,2025-12-11,常规,4.42,4.34,-1.81,0,0,0
603630,拉芳家化,2025-12-11,常规,20.4,20.23,-0.83,0,1,0
600481,双良节能,2025-12-11,常规,5.56,5.83,4.86,1,0,1
603373,安邦护卫,2025-12-11,放量,41.0,38.05,-7.2,0,0,0
002177,御银股份,2025-12-11,常规,6.53,7.06,8.12,1,1,1
600395,盘江股份,2025-12-11,超跌+筑底+放量,4.65,4.75,2.15,0,0,1
002918,蒙娜丽莎,2025-12-11,常规,13.86,14.0,1.01,1,1,1
000526,学大教育,2025-12-11,放量,38.01,38.91,2.37,0,1,1
600976,健民集团,2025-12-11,超跌+筑底,35.61,35.5,-0.31,0,0,0
000006,深振业Ａ,2025-12-11,常规,10.0,10.19,1.9,0,0,1
002094,青岛金王,2025-12-10,超跌,7.17,7.23,0.84,0,0,1
000995,皇台酒业,2025-12-11,放量,12.47,12.96,3.93,1,1,1
000989,九芝堂,2025-12-11,筑底,9.09,8.91,-1.98,0,0,0
600192,长城电工,2025-12-11,常规,8.89,9.45,6.3,1,1,1
600153,建发股份,2025-12-11,常规,9.5,9.59,0.95,1,0,1
002797,第一创业,2025-12-11,常规,6.89,6.98,1.31,1,1,1
603337,杰克科技,2025-11-28,常规,38.72,40.52,4.65,1,1,1
605333,沪光股份,2025-11-28,筑底,29.3,29.7,1.37,1,1,1
603680,今创集团,2025-11-28,常规,10.58,16.29,53.97,0,1,1
603501,豪威集团,2025-11-28,缩量,119.0,127.13,6.83,1,1,1
600498,烽火通信,2025-11-28,常规,22.86,27.87,21.92,1,1,1
601636,旗滨集团,2025-11-28,筑底+放量,6.1,6.1,0.0,1,0,0
603341,龙旗科技,2025-11-28,常规,40.29,42.57,5.66,1,1,1
603701,德宏股份,2025-11-28,缩量,17.55,20.58,17.26,1,1,1
603256,宏和科技,2025-11-28,常规,32.13,38.16,18.77,1,1,1
000002,万  科Ａ,2025-12-12,常规,5.02,4.79,-4.58,0,0,0
000029,深深房Ａ,2025-12-12,常规,23.3,23.1,-0.86,0,1,0
600325,华发股份,2025-12-12,筑底+放量,4.41,4.34,-1.59,0,0,0
600048,保利发展,2025-12-12,筑底,6.42,6.26,-2.49,0,0,0
605377,华旺科技,2025-12-12,超跌+筑底+放量,7.76,8.7,12.11,1,1,1
603630,拉芳家化,2025-12-11,常规,20.4,20.23,-0.83,0,1,0
002180,纳思达,2025-12-12,放量,18.62,19.39,4.14,1,1,1
600985,淮北矿业,2025-12-12,超跌+筑底+放量,11.35,11.25,-0.88,0,1,0
600079,人福医药,2025-12-12,超跌+筑底,18.15,18.85,3.86,0,1,1
600548,深高速,2025-12-12,超跌+筑底+放量,8.88,8.92,0.45,1,1,1
002017,东信和平,2025-12-12,常规,20.91,21.6,3.3,1,1,1
600395,盘江股份,2025-12-12,超跌+筑底,4.62,4.75,2.81,0,1,1
600976,健民集团,2025-12-12,超跌+筑底+放量,35.2,35.5,0.85,0,1,1
600967,内蒙一机,2025-12-12,筑底+放量,16.42,16.34,-0.49,0,0,0
000932,华菱钢铁,2025-12-12,超跌+筑底+放量,5.37,5.65,5.21,0,1,1
601865,福莱特,2025-12-12,筑底+放量,15.57,16.05,3.08,0,1,1
001289,龙源电力,2025-12-12,超跌+筑底+放量,15.33,15.29,-0.26,0,0,0
000524,岭南控股,2025-12-12,常规,12.02,12.28,2.16,0,1,1
000995,皇台酒业,2025-12-12,常规,12.27,12.96,5.62,1,1,1
002867,周大生,2025-12-12,超跌+筑底+放量,11.95,12.21,2.18,0,1,1
603806,福斯特,2025-12-12,放量,13.87,14.05,1.3,0,0,1
600007,中国国贸,2025-12-12,超跌+筑底+放量,18.76,19.53,4.1,1,1,1
600500,中化国际,2025-12-12,筑底,3.84,3.96,3.13,0,1,1
601216,君正集团,2025-12-12,筑底,4.74,4.83,1.9,1,1,1
002488,金固股份,2025-12-10,常规,8.35,8.8,5.39,1,0,1
601162,天风证券,2025-12-09,超跌+筑底,4.29,4.24,-1.17,0,0,0
000002,万  科Ａ,2025-12-10,筑底+放量,5.25,4.79,-8.76,0,0,0
605050,福然德,2025-12-10,放量,13.12,13.26,1.07,0,0,1
600383,金地集团,2025-12-10,筑底+放量,3.32,3.12,-6.02,0,0,0
600375,汉马科技,2025-12-10,筑底+放量,6.17,5.87,-4.86,0,0,0
002568,百润股份,2025-12-10,超跌+筑底+放量,21.75,21.6,-0.69,0,0,0
603275,众辰科技,2025-12-10,放量,42.18,42.61,1.02,0,0,1
603630,拉芳家化,2025-12-10,放量,20.7,20.23,-2.27,0,0,0
000799,酒鬼酒,2025-12-10,放量,56.06,57.02,1.71,0,0,1
600325,华发股份,2025-12-10,放量,4.54,4.34,-4.41,0,0,0
002857,三晖电气,2025-12-10,常规,20.15,20.8,3.23,0,1,1
600708,光明地产,2025-12-10,超跌+筑底,3.32,3.25,-2.11,0,0,0
002179,中航光电,2025-12-10,超跌+筑底,33.32,34.89,4.71,0,1,1
603713,密尔克卫,2025-12-10,放量,53.78,55.7,3.57,0,1,1
600985,淮北矿业,2025-12-10,超跌+筑底,11.53,11.25,-2.43,0,1,0
603806,福斯特,2025-12-10,常规,13.83,14.05,1.59,1,0,1
600481,双良节能,2025-12-10,常规,5.71,5.83,2.1,0,0,1
002015,协鑫能科,2025-12-09,常规,9.96,10.25,2.91,0,1,1
600211,西藏药业,2025-12-10,常规,42.06,42.39,0.78,1,0,1
600779,水井坊,2025-12-10,超跌+筑底,38.2,39.8,4.19,0,0,1
603373,安邦护卫,2025-12-10,放量,42.22,38.05,-9.88,0,0,0
600048,保利发展,2025-12-10,放量,6.68,6.26,-6.29,0,0,0
603086,先达股份,2025-12-09,常规,8.23,8.26,0.36,0,0,1
000524,岭南控股,2025-12-10,放量,12.2,12.28,0.66,0,1,1
002918,蒙娜丽莎,2025-12-10,放量,14.09,14.0,-0.64,0,0,0
002177,御银股份,2025-12-10,常规,6.72,7.06,5.06,0,1,1
002094,青岛金王,2025-12-10,超跌,7.17,7.23,0.84,0,0,1
002648,卫星化学,2025-12-10,筑底,16.6,17.39,4.76,0,1,1
002674,兴业科技,2025-12-10,常规,13.23,13.87,4.84,0,1,1
002488,金固股份,2025-12-09,常规,8.54,8.8,3.04,0,0,1
000048,京基智农,2025-12-09,常规,13.35,14.79,10.79,0,0,1
601162,天风证券,2025-12-09,超跌+筑底,4.29,4.24,-1.17,0,0,0
600603,广汇物流,2025-12-08,常规,6.86,6.61,-3.64,0,0,0
000029,深深房Ａ,2025-12-09,放量,24.31,23.1,-4.98,0,0,0
002527,新时达,2025-12-09,常规,15.9,15.34,-3.52,0,0,0
000617,中油资本,2025-12-09,常规,9.06,9.54,5.3,0,0,1
002048,宁波华翔,2025-12-09,放量,28.6,29.3,2.45,1,0,1
000526,学大教育,2025-12-09,放量,37.89,38.91,2.69,1,0,1
002179,中航光电,2025-12-08,筑底,33.5,34.89,4.15,0,0,1
600211,西藏药业,2025-12-09,超跌,42.1,42.39,0.69,0,0,1
603713,密尔克卫,2025-12-09,放量,54.25,55.7,2.67,0,1,1
603985,恒润股份,2025-12-09,放量,14.32,15.14,5.73,1,1,1
002015,协鑫能科,2025-12-09,常规,9.96,10.25,2.91,0,1,1
002857,三晖电气,2025-12-09,放量,20.4,20.8,1.96,0,1,1
603086,先达股份,2025-12-09,常规,8.23,8.26,0.36,0,0,1
603062,麦加芯彩,2025-12-09,常规,45.26,47.16,4.2,0,1,1
002648,卫星化学,2025-12-09,超跌+筑底+放量,16.5,17.39,5.39,0,1,1
600481,双良节能,2025-12-09,常规,5.76,5.83,1.22,0,0,1
002403,爱仕达,2025-12-08,常规,13.1,12.35,-5.73,1,0,0
002423,中粮资本,2025-12-09,常规,11.63,11.84,1.81,0,0,1
600266,城建发展,2025-12-09,常规,4.64,4.51,-2.8,0,0,0
603135,中重科技,2025-12-08,常规,9.59,9.15,-4.59,0,0,0
002945,华林证券,2025-12-09,超跌,14.66,14.4,-1.77,0,0,0
601519,大智慧,2025-12-09,常规,13.13,13.19,0.46,0,1,1
002537,海联金汇,2025-12-09,常规,8.04,8.96,11.44,0,1,1
002797,第一创业,2025-12-09,常规,6.87,6.98,1.6,1,1,1
601099,太平洋,2025-12-09,常规,4.11,4.14,0.73,0,1,1
600530,交大昂立,2025-12-09,常规,7.36,6.57,-10.73,1,0,0
603095,越剑智能,2025-12-08,超跌+筑底,14.27,16.25,13.88,1,0,1
000712,锦龙股份,2025-12-09,常规,12.68,12.12,-4.42,1,0,0
603151,邦基科技,2025-12-15,筑底,18.15,18.45,1.65,0,1,1
002488,金固股份,2025-12-15,常规,8.33,8.8,5.64,0,0,1
601699,潞安环能,2025-12-15,超跌+筑底,12.47,11.95,-4.17,0,0,0
002543,万和电气,2025-12-15,超跌+筑底,9.96,10.08,1.2,0,1,1
600967,内蒙一机,2025-12-15,超跌+筑底,15.91,16.34,2.7,0,1,1
003006,百亚股份,2025-12-15,筑底,20.36,21.15,3.88,1,1,1
002180,纳思达,2025-12-15,常规,18.5,19.39,4.81,1,1,1
000677,恒天海龙,2025-12-15,超跌+筑底,4.17,4.5,7.91,0,0,1
600548,深高速,2025-12-15,超跌+筑底,8.8,8.92,1.36,1,1,1
600760,中航沈飞,2025-12-15,超跌+筑底,54.33,57.25,5.37,1,0,1
600079,人福医药,2025-12-12,超跌+筑底,18.15,18.85,3.86,0,1,1
603806,福斯特,2025-12-15,超跌,13.58,14.05,3.46,0,0,1
600395,盘江股份,2025-12-15,超跌+筑底,4.62,4.75,2.81,0,1,1
605377,华旺科技,2025-12-15,超跌+筑底,7.92,8.7,9.85,0,1,1
600985,淮北矿业,2025-12-15,超跌+筑底,11.47,11.25,-1.92,0,0,0
002410,广联达,2025-12-15,超跌+筑底,12.28,12.47,1.55,1,0,1
601865,福莱特,2025-12-15,常规,15.57,16.05,3.08,0,0,1
002274,华昌化工,2025-12-15,超跌+筑底,5.66,5.76,1.77,0,1,1
603609,禾丰股份,2025-12-15,超跌+筑底,7.05,7.08,0.43,1,1,1
600794,保税科技,2025-12-15,超跌+筑底,3.74,3.88,3.74,0,1,1
601766,中国中车,2025-12-15,超跌+放量,6.78,6.9,1.77,1,1,1
002037,保利联合,2025-12-15,超跌+筑底,9.4,9.63,2.45,0,1,1
603713,密尔克卫,2025-12-15,常规,53.85,55.7,3.44,1,1,1
600779,水井坊,2025-12-15,筑底,38.03,39.8,4.65,0,0,1
000524,岭南控股,2025-12-15,常规,12.04,12.28,1.99,1,1,1
600326,西藏天路,2025-12-15,放量,11.01,11.16,1.36,0,0,1
002179,中航光电,2025-12-15,放量,33.59,34.89,3.87,0,0,1
002082,万邦德,2025-12-15,筑底,12.27,13.7,11.65,0,0,1
002541,鸿路钢构,2025-12-15,放量,16.27,16.09,-1.11,0,1,0
603955,大千生态,2025-12-15,放量,30.33,30.57,0.79,0,0,1
002427,尤夫股份,2025-12-15,筑底+放量,6.22,6.76,8.68,0,0,1
002177,御银股份,2025-12-15,放量,6.66,7.06,6.01,1,1,1
002867,周大生,2025-12-15,超跌+筑底,12.07,12.21,1.16,0,1,1
603566,普莱柯,2025-12-15,超跌+筑底,12.63,12.69,0.48,1,1,1
603178,圣龙股份,2025-12-15,常规,18.28,18.59,1.7,1,0,1
002580,圣阳股份,2025-12-15,常规,12.46,12.62,1.28,0,1,1
600500,中化国际,2025-12-15,超跌+筑底,3.83,3.96,3.39,1,1,1
000932,华菱钢铁,2025-12-15,筑底,5.49,5.65,2.91,0,1,1
600131,国网信通,2025-12-15,超跌,16.19,16.34,0.93,0,0,1
000550,江铃汽车,2025-12-15,常规,18.4,18.78,2.07,1,1,1
000568,泸州老窖,2025-12-15,超跌+筑底,122.81,120.72,-1.7,0,0,0
002694,顾地科技,2025-12-15,超跌+筑底+放量,4.02,3.84,-4.48,0,0,0
601216,君正集团,2025-12-15,超跌+筑底,4.73,4.83,2.11,1,1,1
603916,苏博特,2025-12-15,超跌+筑底,9.44,9.73,3.07,0,1,1
000983,山西焦煤,2025-12-15,超跌+筑底,6.56,6.49,-1.07,0,1,0
603579,荣泰健康,2025-12-22,常规,23.42,23.81,1.67,0,1,1
600375,汉马科技,2025-12-22,常规,6.11,5.87,-3.93,0,0,0
603255,鼎际得,2025-12-22,筑底,30.12,29.56,-1.86,0,0,0
600779,水井坊,2025-12-22,筑底,36.53,39.8,8.95,0,1,1
603079,圣达生物,2025-12-22,常规,16.7,16.98,1.68,1,1,1
001979,招商蛇口,2025-12-22,超跌+筑底,8.71,8.79,0.92,1,1,1
600131,国网信通,2025-12-22,超跌,16.05,16.34,1.81,1,1,1
002145,钛能化学,2025-12-22,常规,4.94,4.91,-0.61,0,0,0
603189,网达软件,2025-12-22,常规,20.08,19.4,-3.39,0,0,0
603939,益丰药房,2025-12-22,常规,22.06,22.5,1.99,1,1,1
002925,盈趣科技,2025-12-22,超跌+筑底+缩量,17.24,17.27,0.17,0,1,1
002082,万邦德,2025-12-22,超跌+筑底+缩量,11.89,13.7,15.22,1,1,1
605189,富春染织,2025-12-22,超跌+筑底,15.14,15.15,0.07,0,1,1
003001,中岩大地,2025-12-22,超跌+筑底,19.94,20.49,2.76,1,1,1
002190,成飞集成,2025-12-22,筑底,36.09,37.22,3.13,1,1,1
000937,冀中能源,2025-12-22,超跌+筑底,5.36,5.41,0.93,0,1,1
002670,国盛证券,2025-12-22,超跌+筑底,16.67,17.23,3.36,1,1,1
600325,华发股份,2025-12-22,筑底,4.37,4.34,-0.69,0,0,0
600895,张江高科,2025-12-22,超跌+筑底,38.54,42.48,10.22,1,1,1
000002,万  科Ａ,2025-12-22,常规,4.93,4.79,-2.84,0,0,0
601699,潞安环能,2025-12-22,常规,12.2,11.95,-2.05,0,0,0
002102,能特科技,2025-12-22,超跌+筑底,3.37,3.36,-0.3,0,0,0
001289,龙源电力,2025-12-22,筑底,15.22,15.29,0.46,1,1,1
600603,广汇物流,2025-12-22,常规,6.48,6.61,2.01,1,1,1
600167,联美控股,2025-12-22,超跌+筑底,7.17,7.15,-0.28,0,0,0
603038,华立股份,2025-12-22,超跌+筑底,15.97,15.82,-0.94,1,0,0
603072,天和磁材,2025-12-22,超跌,40.93,41.05,0.29,0,1,1
002765,蓝黛科技,2025-12-22,超跌,11.7,12.1,3.42,1,1,1
002062,宏润建设,2025-12-22,常规,9.17,9.12,-0.55,0,0,0
002721,金一文化,2025-12-22,筑底,3.05,3.13,2.62,1,1,1
603806,福斯特,2025-12-22,超跌,13.35,14.05,5.24,1,1,1
603135,中重科技,2025-12-22,超跌+筑底,9.24,9.15,-0.97,0,0,0
000006,深振业Ａ,2025-12-22,筑底,9.78,10.19,4.19,1,1,1
000818,航锦科技,2025-12-22,筑底,18.99,19.18,1.0,1,1,1
002755,奥赛康,2025-12-22,筑底,16.58,16.56,-0.12,1,0,0
603226,菲林格尔,2025-12-22,超跌+筑底,31.39,32.2,2.58,1,1,1
600048,保利发展,2025-12-22,筑底,6.34,6.26,-1.26,0,0,0
600021,上海电力,2025-12-22,常规,19.68,21.86,11.08,1,1,1
002088,鲁阳节能,2025-12-22,常规,10.74,10.64,-0.93,0,0,0
600126,杭钢股份,2025-12-22,筑底,7.96,8.08,1.51,1,1,1
603200,上海洗霸,2025-12-22,常规,69.95,71.47,2.17,1,1,1
600764,中国海防,2025-12-22,超跌+筑底,26.49,27.24,2.83,1,1,1
002403,爱仕达,2025-12-22,超跌+筑底,12.36,12.35,-0.08,0,0,0
001339,智微智能,2025-12-22,超跌+筑底,48.28,49.22,1.95,1,1,1
000877,天山股份,2025-12-22,筑底,5.38,5.38,0.0,1,0,0
002241,歌尔股份,2025-12-22,超跌+筑底,28.2,28.73,1.88,1,1,1
002531,天顺风能,2025-12-22,超跌+筑底,6.69,6.88,2.84,1,1,1
002065,东华软件,2025-12-22,超跌+筑底,9.28,9.19,-0.97,0,0,0
603373,安邦护卫,2025-12-22,超跌+筑底,38.23,38.05,-0.47,1,0,0
002045,国光电器,2025-12-22,筑底,14.0,14.04,0.29,1,1,1
002929,润建股份,2025-12-22,筑底,39.13,39.67,1.38,1,1,1
605286,同力日升,2025-12-22,超跌+筑底,37.19,38.03,2.26,1,1,1
600266,城建发展,2025-12-22,超跌+筑底,4.5,4.51,0.22,0,1,1
002850,科达利,2025-12-22,超跌+筑底,149.36,156.6,4.85,1,1,1
605133,嵘泰股份,2025-12-22,筑底,32.3,33.18,2.72,0,1,1
